Timestamp,Milliseconds,Latitude,Longitude,Altitude
2020-06-22 11:12:39,1,37.6014471,-0.9789689,76.5999984741211
2020-06-22 11:12:39,102,37.6014471,-0.9789689,76.5999984741211
2020-06-22 11:12:39,201,37.6014471,-0.9789689,76.5999984741211
2020-06-22 11:12:40,301,37.6014471,-0.9789689,76.5999984741211
2020-06-22 11:12:40,401,37.6014471,-0.9789689,76.5999984741211
2020-06-22 11:12:40,501,37.6014471,-0.9789689,76.5999984741211
2020-06-22 11:12:40,602,37.6014471,-0.9789689,76.5999984741211
2020-06-22 11:12:40,701,37.6014471,-0.9789689,76.5999984741211
2020-06-22 11:12:40,801,37.6014471,-0.9789689,76.5999984741211
2020-06-22 11:12:40,902,37.6014471,-0.9789689,76.5999984741211
2020-06-22 11:12:40,1001,37.6014471,-0.9789689,76.5999984741211
2020-06-22 11:12:40,1101,37.6014471,-0.9789689,76.5999984741211
2020-06-22 11:12:40,1201,37.6014471,-0.9789689,76.5999984741211
2020-06-22 11:12:41,1301,37.6014471,-0.9789689,76.5999984741211
2020-06-22 11:12:41,1401,37.6014471,-0.9789689,76.5999984741211
2020-06-22 11:12:41,1502,37.6014471,-0.9789689,76.5999984741211
2020-06-22 11:12:41,1601,37.6014471,-0.9789689,76.5999984741211
2020-06-22 11:12:41,1701,37.6014471,-0.9789689,76.5999984741211
2020-06-22 11:12:41,1802,37.6014471,-0.9789689,76.5999984741211
2020-06-22 11:12:41,1901,37.6014471,-0.9789689,76.5999984741211
2020-06-22 11:12:41,2002,37.6014471,-0.9789689,76.5999984741211
2020-06-22 11:12:41,2101,37.6014471,-0.9789689,76.5999984741211
2020-06-22 11:12:41,2201,37.6014471,-0.9789689,76.5999984741211
2020-06-22 11:12:42,2301,37.6014471,-0.9789689,76.5999984741211
2020-06-22 11:12:42,2402,37.6014471,-0.9789689,76.5999984741211
2020-06-22 11:12:42,2502,37.6014471,-0.9789689,76.5999984741211
2020-06-22 11:12:42,2601,37.6014471,-0.9789689,76.5999984741211
2020-06-22 11:12:42,2702,37.6014471,-0.9789689,76.5999984741211
2020-06-22 11:12:42,2801,37.6014471,-0.9789689,76.5999984741211
2020-06-22 11:12:42,2901,37.6014471,-0.9789689,76.5999984741211
2020-06-22 11:12:42,3001,37.6014471,-0.9789689,76.5999984741211
2020-06-22 11:12:42,3102,37.6014471,-0.9789689,76.5999984741211
2020-06-22 11:12:42,3201,37.6014471,-0.9789689,76.5999984741211
2020-06-22 11:12:43,3301,37.6014471,-0.9789689,76.5999984741211
2020-06-22 11:12:43,3402,37.6014471,-0.9789689,76.5999984741211
2020-06-22 11:12:43,3501,37.6014471,-0.9789689,76.5999984741211
2020-06-22 11:12:43,3601,37.6014471,-0.9789689,76.5999984741211
2020-06-22 11:12:43,3701,37.6014471,-0.9789689,76.5999984741211
2020-06-22 11:12:43,3802,37.6014471,-0.9789689,76.5999984741211
2020-06-22 11:12:43,3901,37.6014471,-0.9789689,76.5999984741211
2020-06-22 11:12:43,4002,37.6014471,-0.9789689,76.5999984741211
2020-06-22 11:12:43,4101,37.6014471,-0.9789689,76.5999984741211
2020-06-22 11:12:43,4201,37.6014471,-0.9789689,76.5999984741211
2020-06-22 11:12:44,4301,37.6014471,-0.9789689,76.5999984741211
2020-06-22 11:12:44,4401,37.6014471,-0.9789689,76.5999984741211
2020-06-22 11:12:44,4502,37.6014471,-0.9789689,76.5999984741211
2020-06-22 11:12:44,4601,37.6014471,-0.9789689,76.5999984741211
2020-06-22 11:12:44,4701,37.6014471,-0.9789689,76.5999984741211
2020-06-22 11:12:44,4802,37.6014471,-0.9789689,76.5999984741211
2020-06-22 11:12:44,4901,37.6014471,-0.9789689,76.5999984741211
2020-06-22 11:12:44,5002,37.6014471,-0.9789689,76.5999984741211
2020-06-22 11:12:44,5101,37.6014471,-0.9789689,76.5999984741211
2020-06-22 11:12:44,5202,37.6014471,-0.9789689,76.5999984741211
2020-06-22 11:12:45,5301,37.601467,-0.978952,76.5999984741211
2020-06-22 11:12:45,5401,37.601467,-0.978952,76.5999984741211
2020-06-22 11:12:45,5501,37.601467,-0.978952,76.5999984741211
2020-06-22 11:12:45,5602,37.601467,-0.978952,76.5999984741211
2020-06-22 11:12:45,5701,37.601467,-0.978952,76.5999984741211
2020-06-22 11:12:45,5802,37.601467,-0.978952,76.5999984741211
2020-06-22 11:12:45,5902,37.601467,-0.978952,76.5999984741211
2020-06-22 11:12:45,6001,37.601467,-0.978952,76.5999984741211
2020-06-22 11:12:45,6101,37.601467,-0.978952,76.5999984741211
2020-06-22 11:12:45,6201,37.601467,-0.978952,76.5999984741211
2020-06-22 11:12:46,6302,37.601467,-0.978952,76.5999984741211
2020-06-22 11:12:46,6401,37.601467,-0.978952,76.5999984741211
2020-06-22 11:12:46,6502,37.601467,-0.978952,76.5999984741211
2020-06-22 11:12:46,6601,37.601467,-0.978952,76.5999984741211
2020-06-22 11:12:46,6701,37.601467,-0.978952,76.5999984741211
2020-06-22 11:12:46,6802,37.601467,-0.978952,76.5999984741211
2020-06-22 11:12:46,6901,37.601467,-0.978952,76.5999984741211
2020-06-22 11:12:46,7002,37.601467,-0.978952,76.5999984741211
2020-06-22 11:12:46,7101,37.601467,-0.978952,76.5999984741211
2020-06-22 11:12:46,7201,37.601467,-0.978952,76.5999984741211
2020-06-22 11:12:47,7301,37.601467,-0.978952,76.5999984741211
2020-06-22 11:12:47,7402,37.601467,-0.978952,76.5999984741211
2020-06-22 11:12:47,7501,37.601467,-0.978952,76.5999984741211
2020-06-22 11:12:47,7601,37.601467,-0.978952,76.5999984741211
2020-06-22 11:12:47,7702,37.601467,-0.978952,76.5999984741211
2020-06-22 11:12:47,7801,37.601467,-0.978952,76.5999984741211
2020-06-22 11:12:47,7901,37.601467,-0.978952,76.5999984741211
2020-06-22 11:12:47,8002,37.601467,-0.978952,76.5999984741211
2020-06-22 11:12:47,8101,37.601467,-0.978952,76.5999984741211
2020-06-22 11:12:47,8201,37.601467,-0.978952,76.5999984741211
2020-06-22 11:12:48,8301,37.601467,-0.978952,76.5999984741211
2020-06-22 11:12:48,8402,37.601467,-0.978952,76.5999984741211
2020-06-22 11:12:48,8501,37.601467,-0.978952,76.5999984741211
2020-06-22 11:12:48,8601,37.601467,-0.978952,76.5999984741211
2020-06-22 11:12:48,8701,37.601467,-0.978952,76.5999984741211
2020-06-22 11:12:48,8802,37.601467,-0.978952,76.5999984741211
2020-06-22 11:12:48,8901,37.601467,-0.978952,76.5999984741211
2020-06-22 11:12:48,9001,37.601467,-0.978952,76.5999984741211
2020-06-22 11:12:48,9101,37.601467,-0.978952,76.5999984741211
2020-06-22 11:12:48,9201,37.601467,-0.978952,76.5999984741211
2020-06-22 11:12:49,9302,37.601467,-0.978952,76.5999984741211
2020-06-22 11:12:49,9401,37.601467,-0.978952,76.5999984741211
2020-06-22 11:12:49,9501,37.601467,-0.978952,76.5999984741211
2020-06-22 11:12:49,9602,37.601467,-0.978952,76.5999984741211
2020-06-22 11:12:49,9701,37.601467,-0.978952,76.5999984741211
2020-06-22 11:12:49,9801,37.601467,-0.978952,76.5999984741211
2020-06-22 11:12:49,9901,37.601467,-0.978952,76.5999984741211
2020-06-22 11:12:49,10002,37.601467,-0.978952,76.5999984741211
2020-06-22 11:12:49,10101,37.601467,-0.978952,76.5999984741211
2020-06-22 11:12:49,10201,37.601467,-0.978952,76.5999984741211
2020-06-22 11:12:50,10302,37.601467,-0.978952,76.5999984741211
2020-06-22 11:12:50,10401,37.601467,-0.978952,76.5999984741211
2020-06-22 11:12:50,10501,37.601467,-0.978952,76.5999984741211
2020-06-22 11:12:50,10601,37.601467,-0.978952,76.5999984741211
2020-06-22 11:12:50,10702,37.601467,-0.978952,76.5999984741211
2020-06-22 11:12:50,10802,37.601467,-0.978952,76.5999984741211
2020-06-22 11:12:50,10901,37.601467,-0.978952,76.5999984741211
2020-06-22 11:12:50,11002,37.601467,-0.978952,76.5999984741211
2020-06-22 11:12:50,11101,37.601467,-0.978952,76.5999984741211
2020-06-22 11:12:50,11201,37.601467,-0.978952,76.5999984741211
2020-06-22 11:12:51,11302,37.601467,-0.978952,76.5999984741211
2020-06-22 11:12:51,11401,37.601467,-0.978952,76.5999984741211
2020-06-22 11:12:51,11501,37.601467,-0.978952,76.5999984741211
2020-06-22 11:12:51,11601,37.601467,-0.978952,76.5999984741211
2020-06-22 11:12:51,11702,37.601467,-0.978952,76.5999984741211
2020-06-22 11:12:51,11802,37.601467,-0.978952,76.5999984741211
2020-06-22 11:12:51,11901,37.601467,-0.978952,76.5999984741211
2020-06-22 11:12:51,12002,37.601467,-0.978952,76.5999984741211
2020-06-22 11:12:51,12101,37.601467,-0.978952,76.5999984741211
2020-06-22 11:12:51,12201,37.601467,-0.978952,76.5999984741211
2020-06-22 11:12:52,12301,37.601467,-0.978952,76.5999984741211
2020-06-22 11:12:52,12401,37.601467,-0.978952,76.5999984741211
2020-06-22 11:12:52,12501,37.601467,-0.978952,76.5999984741211
2020-06-22 11:12:52,12602,37.601467,-0.978952,76.5999984741211
2020-06-22 11:12:52,12701,37.601467,-0.978952,76.5999984741211
2020-06-22 11:12:52,12801,37.601467,-0.978952,76.5999984741211
2020-06-22 11:12:52,12901,37.601467,-0.978952,76.5999984741211
2020-06-22 11:12:52,13002,37.601467,-0.978952,76.5999984741211
2020-06-22 11:12:52,13101,37.601467,-0.978952,76.5999984741211
2020-06-22 11:12:52,13201,37.601467,-0.978952,76.5999984741211
2020-06-22 11:12:53,13301,37.601467,-0.978952,76.5999984741211
2020-06-22 11:12:53,13401,37.601467,-0.978952,76.5999984741211
2020-06-22 11:12:53,13502,37.601467,-0.978952,76.5999984741211
2020-06-22 11:12:53,13601,37.601467,-0.978952,76.5999984741211
2020-06-22 11:12:53,13702,37.601467,-0.978952,76.5999984741211
2020-06-22 11:12:53,13801,37.601467,-0.978952,76.5999984741211
2020-06-22 11:12:53,13901,37.601467,-0.978952,76.5999984741211
2020-06-22 11:12:53,14001,37.601467,-0.978952,76.5999984741211
2020-06-22 11:12:53,14102,37.601467,-0.978952,76.5999984741211
2020-06-22 11:12:53,14201,37.601467,-0.978952,76.5999984741211
2020-06-22 11:12:54,14301,37.601467,-0.978952,76.5999984741211
2020-06-22 11:12:54,14401,37.601467,-0.978952,76.5999984741211
2020-06-22 11:12:54,14501,37.601467,-0.978952,76.5999984741211
2020-06-22 11:12:54,14602,37.601467,-0.978952,76.5999984741211
2020-06-22 11:12:54,14702,37.601467,-0.978952,76.5999984741211
2020-06-22 11:12:54,14802,37.601467,-0.978952,76.5999984741211
2020-06-22 11:12:54,14901,37.601467,-0.978952,76.5999984741211
2020-06-22 11:12:54,15002,37.601467,-0.978952,76.5999984741211
2020-06-22 11:12:54,15101,37.601467,-0.978952,76.5999984741211
2020-06-22 11:12:54,15201,37.601467,-0.978952,76.5999984741211
2020-06-22 11:12:55,15302,37.601467,-0.978952,76.5999984741211
2020-06-22 11:12:55,15401,37.601467,-0.978952,76.5999984741211
2020-06-22 11:12:55,15501,37.601467,-0.978952,76.5999984741211
2020-06-22 11:12:55,15602,37.601467,-0.978952,76.5999984741211
2020-06-22 11:12:55,15701,37.601467,-0.978952,76.5999984741211
2020-06-22 11:12:55,15801,37.601467,-0.978952,76.5999984741211
2020-06-22 11:12:55,15901,37.601467,-0.978952,76.5999984741211
2020-06-22 11:12:55,16002,37.601467,-0.978952,76.5999984741211
2020-06-22 11:12:55,16101,37.601467,-0.978952,76.5999984741211
2020-06-22 11:12:55,16201,37.601467,-0.978952,76.5999984741211
2020-06-22 11:12:56,16302,37.601467,-0.978952,76.5999984741211
2020-06-22 11:12:56,16401,37.601467,-0.978952,76.5999984741211
2020-06-22 11:12:56,16501,37.601467,-0.978952,76.5999984741211
2020-06-22 11:12:56,16602,37.601467,-0.978952,76.5999984741211
2020-06-22 11:12:56,16702,37.601467,-0.978952,76.5999984741211
2020-06-22 11:12:56,16801,37.601467,-0.978952,76.5999984741211
2020-06-22 11:12:56,16901,37.601467,-0.978952,76.5999984741211
2020-06-22 11:12:56,17001,37.601467,-0.978952,76.5999984741211
2020-06-22 11:12:56,17102,37.601467,-0.978952,76.5999984741211
2020-06-22 11:12:56,17201,37.601467,-0.978952,76.5999984741211
2020-06-22 11:12:57,17301,37.601467,-0.978952,76.5999984741211
2020-06-22 11:12:57,17401,37.601467,-0.978952,76.5999984741211
2020-06-22 11:12:57,17502,37.601467,-0.978952,76.5999984741211
2020-06-22 11:12:57,17601,37.601467,-0.978952,76.5999984741211
2020-06-22 11:12:57,17701,37.601467,-0.978952,76.5999984741211
2020-06-22 11:12:57,17802,37.601467,-0.978952,76.5999984741211
2020-06-22 11:12:57,17901,37.601467,-0.978952,76.5999984741211
2020-06-22 11:12:57,18001,37.601467,-0.978952,76.5999984741211
2020-06-22 11:12:57,18102,37.601467,-0.978952,76.5999984741211
2020-06-22 11:12:57,18201,37.601467,-0.978952,76.5999984741211
2020-06-22 11:12:58,18301,37.601467,-0.978952,76.5999984741211
2020-06-22 11:12:58,18401,37.601467,-0.978952,76.5999984741211
2020-06-22 11:12:58,18502,37.601467,-0.978952,76.5999984741211
2020-06-22 11:12:58,18601,37.601467,-0.978952,76.5999984741211
2020-06-22 11:12:58,18701,37.601467,-0.978952,76.5999984741211
2020-06-22 11:12:58,18802,37.601467,-0.978952,76.5999984741211
2020-06-22 11:12:58,18901,37.601467,-0.978952,76.5999984741211
2020-06-22 11:12:58,19001,37.601467,-0.978952,76.5999984741211
2020-06-22 11:12:58,19101,37.601467,-0.978952,76.5999984741211
2020-06-22 11:12:58,19201,37.601467,-0.978952,76.5999984741211
2020-06-22 11:12:59,19302,37.601467,-0.978952,76.5999984741211
2020-06-22 11:12:59,19401,37.601467,-0.978952,76.5999984741211
2020-06-22 11:12:59,19501,37.601467,-0.978952,76.5999984741211
2020-06-22 11:12:59,19603,37.601467,-0.978952,76.5999984741211
2020-06-22 11:12:59,19701,37.601467,-0.978952,76.5999984741211
2020-06-22 11:12:59,19801,37.601467,-0.978952,76.5999984741211
2020-06-22 11:12:59,19901,37.601467,-0.978952,76.5999984741211
2020-06-22 11:12:59,20002,37.601467,-0.978952,76.5999984741211
2020-06-22 11:12:59,20102,37.601467,-0.978952,76.5999984741211
2020-06-22 11:12:59,20201,37.601467,-0.978952,76.5999984741211
2020-06-22 11:13:00,20302,37.601467,-0.978952,76.5999984741211
2020-06-22 11:13:00,20402,37.601467,-0.978952,76.5999984741211
2020-06-22 11:13:00,20501,37.601467,-0.978952,76.5999984741211
2020-06-22 11:13:00,20602,37.601467,-0.978952,76.5999984741211
2020-06-22 11:13:00,20701,37.601467,-0.978952,76.5999984741211
2020-06-22 11:13:00,20802,37.601467,-0.978952,76.5999984741211
2020-06-22 11:13:00,20901,37.601467,-0.978952,76.5999984741211
2020-06-22 11:13:00,21002,37.601467,-0.978952,76.5999984741211
2020-06-22 11:13:00,21102,37.601467,-0.978952,76.5999984741211
2020-06-22 11:13:00,21201,37.601467,-0.978952,76.5999984741211
2020-06-22 11:13:01,21301,37.601467,-0.978952,76.5999984741211
2020-06-22 11:13:01,21402,37.601467,-0.978952,76.5999984741211
2020-06-22 11:13:01,21502,37.601467,-0.978952,76.5999984741211
2020-06-22 11:13:01,21601,37.601467,-0.978952,76.5999984741211
2020-06-22 11:13:01,21702,37.601467,-0.978952,76.5999984741211
2020-06-22 11:13:01,21801,37.601467,-0.978952,76.5999984741211
2020-06-22 11:13:01,21901,37.601467,-0.978952,76.5999984741211
2020-06-22 11:13:01,22002,37.601467,-0.978952,76.5999984741211
2020-06-22 11:13:01,22102,37.601467,-0.978952,76.5999984741211
2020-06-22 11:13:01,22201,37.601467,-0.978952,76.5999984741211
2020-06-22 11:13:02,22302,37.601467,-0.978952,76.5999984741211
2020-06-22 11:13:02,22401,37.601467,-0.978952,76.5999984741211
2020-06-22 11:13:02,22501,37.601467,-0.978952,76.5999984741211
2020-06-22 11:13:02,22602,37.601467,-0.978952,76.5999984741211
2020-06-22 11:13:02,22702,37.601467,-0.978952,76.5999984741211
2020-06-22 11:13:02,22801,37.601467,-0.978952,76.5999984741211
2020-06-22 11:13:02,22901,37.601467,-0.978952,76.5999984741211
2020-06-22 11:13:02,23001,37.601467,-0.978952,76.5999984741211
2020-06-22 11:13:02,23102,37.601467,-0.978952,76.5999984741211
2020-06-22 11:13:02,23202,37.601467,-0.978952,76.5999984741211
2020-06-22 11:13:03,23302,37.601467,-0.978952,76.5999984741211
2020-06-22 11:13:03,23401,37.601467,-0.978952,76.5999984741211
2020-06-22 11:13:03,23502,37.601467,-0.978952,76.5999984741211
2020-06-22 11:13:03,23602,37.601467,-0.978952,76.5999984741211
2020-06-22 11:13:03,23701,37.601467,-0.978952,76.5999984741211
2020-06-22 11:13:03,23802,37.601467,-0.978952,76.5999984741211
2020-06-22 11:13:03,23901,37.601467,-0.978952,76.5999984741211
2020-06-22 11:13:03,24002,37.601467,-0.978952,76.5999984741211
2020-06-22 11:13:03,24102,37.601467,-0.978952,76.5999984741211
2020-06-22 11:13:03,24202,37.601467,-0.978952,76.5999984741211
2020-06-22 11:13:04,24301,37.601467,-0.978952,76.5999984741211
2020-06-22 11:13:04,24402,37.601467,-0.978952,76.5999984741211
2020-06-22 11:13:04,24501,37.601467,-0.978952,76.5999984741211
2020-06-22 11:13:04,24601,37.601467,-0.978952,76.5999984741211
2020-06-22 11:13:04,24702,37.601467,-0.978952,76.5999984741211
2020-06-22 11:13:04,24801,37.601467,-0.978952,76.5999984741211
2020-06-22 11:13:04,24901,37.601467,-0.978952,76.5999984741211
2020-06-22 11:13:04,25002,37.601467,-0.978952,76.5999984741211
2020-06-22 11:13:04,25101,37.601467,-0.978952,76.5999984741211
2020-06-22 11:13:04,25201,37.601467,-0.978952,76.5999984741211
2020-06-22 11:13:05,25302,37.601467,-0.978952,76.5999984741211
2020-06-22 11:13:05,25401,37.601467,-0.978952,76.5999984741211
2020-06-22 11:13:05,25501,37.6015328,-0.979025,76.5
2020-06-22 11:13:05,25601,37.6015328,-0.979025,76.5
2020-06-22 11:13:05,25702,37.6015328,-0.979025,76.5
2020-06-22 11:13:05,25802,37.6015328,-0.979025,76.5
2020-06-22 11:13:05,25901,37.6015328,-0.979025,76.5
2020-06-22 11:13:05,26002,37.6015328,-0.979025,76.5
2020-06-22 11:13:05,26102,37.6015328,-0.979025,76.5
2020-06-22 11:13:05,26201,37.6015328,-0.979025,76.5
2020-06-22 11:13:06,26301,37.6015328,-0.979025,76.5
2020-06-22 11:13:06,26401,37.6015328,-0.979025,76.5
2020-06-22 11:13:06,26502,37.6015328,-0.979025,76.5
2020-06-22 11:13:06,26601,37.6015328,-0.979025,76.5
2020-06-22 11:13:06,26702,37.6015328,-0.979025,76.5
2020-06-22 11:13:06,26801,37.6015328,-0.979025,76.5
2020-06-22 11:13:06,26901,37.6015328,-0.979025,76.5
2020-06-22 11:13:06,27001,37.6015328,-0.979025,76.5
2020-06-22 11:13:06,27102,37.6015328,-0.979025,76.5
2020-06-22 11:13:06,27201,37.6015328,-0.979025,76.5
2020-06-22 11:13:07,27301,37.6015328,-0.979025,76.5
2020-06-22 11:13:07,27401,37.6015328,-0.979025,76.5
2020-06-22 11:13:07,27502,37.6015328,-0.979025,76.5
2020-06-22 11:13:07,27602,37.6015328,-0.979025,76.5
2020-06-22 11:13:07,27701,37.6015328,-0.979025,76.5
2020-06-22 11:13:07,27801,37.6015328,-0.979025,76.5
2020-06-22 11:13:07,27902,37.6015328,-0.979025,76.5
2020-06-22 11:13:07,28001,37.6015328,-0.979025,76.5
2020-06-22 11:13:07,28101,37.6015328,-0.979025,76.5
2020-06-22 11:13:07,28202,37.6015328,-0.979025,76.5
2020-06-22 11:13:08,28301,37.6015328,-0.979025,76.5
2020-06-22 11:13:08,28402,37.6015328,-0.979025,76.5
2020-06-22 11:13:08,28501,37.6015328,-0.979025,76.5
2020-06-22 11:13:08,28601,37.6015328,-0.979025,76.5
2020-06-22 11:13:08,28702,37.6015328,-0.979025,76.5
2020-06-22 11:13:08,28802,37.6015328,-0.979025,76.5
2020-06-22 11:13:08,28901,37.6015328,-0.979025,76.5
2020-06-22 11:13:08,29001,37.6015328,-0.979025,76.5
2020-06-22 11:13:08,29101,37.6015328,-0.979025,76.5
2020-06-22 11:13:08,29201,37.6015328,-0.979025,76.5
2020-06-22 11:13:09,29302,37.6015328,-0.979025,76.5
2020-06-22 11:13:09,29401,37.6015328,-0.979025,76.5
2020-06-22 11:13:09,29501,37.6015328,-0.979025,76.5
2020-06-22 11:13:09,29601,37.6015328,-0.979025,76.5
2020-06-22 11:13:09,29702,37.6015328,-0.979025,76.5
2020-06-22 11:13:09,29801,37.6015328,-0.979025,76.5
2020-06-22 11:13:09,29901,37.6015328,-0.979025,76.5
2020-06-22 11:13:09,30001,37.6015328,-0.979025,76.5
2020-06-22 11:13:09,30101,37.6015328,-0.979025,76.5
2020-06-22 11:13:09,30201,37.6015328,-0.979025,76.5
2020-06-22 11:13:10,30301,37.6015328,-0.979025,76.5
2020-06-22 11:13:10,30402,37.6015328,-0.979025,76.5
2020-06-22 11:13:10,30502,37.6015328,-0.979025,76.5
2020-06-22 11:13:10,30601,37.6015328,-0.979025,76.5
2020-06-22 11:13:10,30701,37.6015328,-0.979025,76.5
2020-06-22 11:13:10,30801,37.6015328,-0.979025,76.5
2020-06-22 11:13:10,30901,37.6015328,-0.979025,76.5
2020-06-22 11:13:10,31001,37.6015328,-0.979025,76.5
2020-06-22 11:13:10,31102,37.6015328,-0.979025,76.5
2020-06-22 11:13:10,31201,37.6015328,-0.979025,76.5
2020-06-22 11:13:11,31301,37.6015328,-0.979025,76.5
2020-06-22 11:13:11,31401,37.6015328,-0.979025,76.5
2020-06-22 11:13:11,31502,37.6015328,-0.979025,76.5
2020-06-22 11:13:11,31601,37.6015328,-0.979025,76.5
2020-06-22 11:13:11,31701,37.6015328,-0.979025,76.5
2020-06-22 11:13:11,31802,37.6015328,-0.979025,76.5
2020-06-22 11:13:11,31901,37.6015328,-0.979025,76.5
2020-06-22 11:13:11,32003,37.6015328,-0.979025,76.5
2020-06-22 11:13:11,32101,37.6015328,-0.979025,76.5
2020-06-22 11:13:11,32202,37.6015328,-0.979025,76.5
2020-06-22 11:13:12,32302,37.6015328,-0.979025,76.5
2020-06-22 11:13:12,32401,37.6015328,-0.979025,76.5
2020-06-22 11:13:12,32501,37.6015328,-0.979025,76.5
2020-06-22 11:13:12,32602,37.6015328,-0.979025,76.5
2020-06-22 11:13:12,32701,37.6015328,-0.979025,76.5
2020-06-22 11:13:12,32802,37.6015328,-0.979025,76.5
2020-06-22 11:13:12,32902,37.6015328,-0.979025,76.5
2020-06-22 11:13:13,33290,37.6015328,-0.979025,76.5
2020-06-22 11:13:13,33290,37.6015328,-0.979025,76.5
2020-06-22 11:13:13,33290,37.6015328,-0.979025,76.5
2020-06-22 11:13:13,33301,37.6015328,-0.979025,76.5
2020-06-22 11:13:13,33401,37.6015328,-0.979025,76.5
2020-06-22 11:13:13,33501,37.6015328,-0.979025,76.5
2020-06-22 11:13:13,33601,37.6015328,-0.979025,76.5
2020-06-22 11:13:13,33702,37.6015328,-0.979025,76.5
2020-06-22 11:13:13,33801,37.6015328,-0.979025,76.5
2020-06-22 11:13:13,33901,37.6015328,-0.979025,76.5
2020-06-22 11:13:13,34002,37.6015328,-0.979025,76.5
2020-06-22 11:13:13,34102,37.6015328,-0.979025,76.5
2020-06-22 11:13:13,34201,37.6015328,-0.979025,76.5
2020-06-22 11:13:14,34301,37.6015328,-0.979025,76.5
2020-06-22 11:13:14,34402,37.6015328,-0.979025,76.5
2020-06-22 11:13:14,34501,37.6015328,-0.979025,76.5
2020-06-22 11:13:14,34601,37.6015328,-0.979025,76.5
2020-06-22 11:13:14,34701,37.6015328,-0.979025,76.5
2020-06-22 11:13:14,34802,37.6015328,-0.979025,76.5
2020-06-22 11:13:14,34901,37.6015328,-0.979025,76.5
2020-06-22 11:13:14,35001,37.6015328,-0.979025,76.5
2020-06-22 11:13:15,35387,37.6015328,-0.979025,76.5
2020-06-22 11:13:15,35387,37.6015328,-0.979025,76.5
2020-06-22 11:13:15,35387,37.6015328,-0.979025,76.5
2020-06-22 11:13:15,35401,37.6015328,-0.979025,76.5
2020-06-22 11:13:15,35502,37.6015328,-0.979025,76.5
2020-06-22 11:13:15,35601,37.6015328,-0.979025,76.5
2020-06-22 11:13:15,35702,37.6015328,-0.979025,76.5
2020-06-22 11:13:15,35801,37.6015328,-0.979025,76.5
2020-06-22 11:13:15,35901,37.6015328,-0.979025,76.5
2020-06-22 11:13:15,36002,37.6015328,-0.979025,76.5
2020-06-22 11:13:15,36101,37.6015328,-0.979025,76.5
2020-06-22 11:13:15,36202,37.6015328,-0.979025,76.5
2020-06-22 11:13:16,36302,37.6015328,-0.979025,76.5
2020-06-22 11:13:16,36401,37.6015328,-0.979025,76.5
2020-06-22 11:13:16,36501,37.6015328,-0.979025,76.5
2020-06-22 11:13:16,36601,37.6015328,-0.979025,76.5
2020-06-22 11:13:16,36702,37.6015328,-0.979025,76.5
2020-06-22 11:13:16,36802,37.6015328,-0.979025,76.5
2020-06-22 11:13:16,36902,37.6015328,-0.979025,76.5
2020-06-22 11:13:16,37001,37.6015328,-0.979025,76.5
2020-06-22 11:13:16,37102,37.6015328,-0.979025,76.5
2020-06-22 11:13:16,37202,37.6015328,-0.979025,76.5
2020-06-22 11:13:17,37302,37.6015328,-0.979025,76.5
2020-06-22 11:13:19,39702,37.6015328,-0.979025,76.5
2020-06-22 11:13:19,39702,37.6015328,-0.979025,76.5
2020-06-22 11:13:19,39702,37.6015328,-0.979025,76.5
2020-06-22 11:13:19,39702,37.6015328,-0.979025,76.5
2020-06-22 11:13:19,39702,37.6015328,-0.979025,76.5
2020-06-22 11:13:19,39702,37.6015328,-0.979025,76.5
2020-06-22 11:13:19,39702,37.6015328,-0.979025,76.5
2020-06-22 11:13:19,39702,37.6015328,-0.979025,76.5
2020-06-22 11:13:19,39702,37.6015328,-0.979025,76.5
2020-06-22 11:13:19,39702,37.6015328,-0.979025,76.5
2020-06-22 11:13:19,39702,37.6015328,-0.979025,76.5
2020-06-22 11:13:19,39702,37.6015328,-0.979025,76.5
2020-06-22 11:13:19,39702,37.6015328,-0.979025,76.5
2020-06-22 11:13:19,39702,37.6015328,-0.979025,76.5
2020-06-22 11:13:19,39702,37.6015328,-0.979025,76.5
2020-06-22 11:13:19,39702,37.6015328,-0.979025,76.5
2020-06-22 11:13:19,39702,37.6015328,-0.979025,76.5
2020-06-22 11:13:19,39702,37.6015328,-0.979025,76.5
2020-06-22 11:13:19,39702,37.6015328,-0.979025,76.5
2020-06-22 11:13:19,39702,37.6015328,-0.979025,76.5
2020-06-22 11:13:19,39702,37.6015328,-0.979025,76.5
2020-06-22 11:13:19,39702,37.6015328,-0.979025,76.5
2020-06-22 11:13:19,39702,37.6015328,-0.979025,76.5
2020-06-22 11:13:19,39702,37.6015328,-0.979025,76.5
2020-06-22 11:13:19,39801,37.6015328,-0.979025,76.5
2020-06-22 11:13:19,39902,37.6015328,-0.979025,76.5
2020-06-22 11:13:19,40001,37.6015328,-0.979025,76.5
2020-06-22 11:13:19,40101,37.6015328,-0.979025,76.5
2020-06-22 11:13:19,40201,37.6015328,-0.979025,76.5
2020-06-22 11:13:20,40302,37.6015328,-0.979025,76.5
2020-06-22 11:13:20,40401,37.6015328,-0.979025,76.5
2020-06-22 11:13:20,40501,37.6015328,-0.979025,76.5
2020-06-22 11:13:20,40601,37.6015328,-0.979025,76.5
2020-06-22 11:13:20,40702,37.6015328,-0.979025,76.5
2020-06-22 11:13:20,40801,37.6015328,-0.979025,76.5
2020-06-22 11:13:20,40901,37.6015328,-0.979025,76.5
2020-06-22 11:13:20,41001,37.6015328,-0.979025,76.5
2020-06-22 11:13:20,41102,37.6015328,-0.979025,76.5
2020-06-22 11:13:20,41201,37.6015328,-0.979025,76.5
2020-06-22 11:13:21,41301,37.6015328,-0.979025,76.5
2020-06-22 11:13:21,41401,37.6015328,-0.979025,76.5
2020-06-22 11:13:21,41502,37.6015328,-0.979025,76.5
2020-06-22 11:13:21,41601,37.6015328,-0.979025,76.5
2020-06-22 11:13:21,41701,37.6015328,-0.979025,76.5
2020-06-22 11:13:21,41802,37.6015328,-0.979025,76.5
2020-06-22 11:13:21,41901,37.6015328,-0.979025,76.5
2020-06-22 11:13:21,42001,37.6015328,-0.979025,76.5
2020-06-22 11:13:21,42101,37.6015328,-0.979025,76.5
2020-06-22 11:13:21,42202,37.6015328,-0.979025,76.5
2020-06-22 11:13:22,42301,37.6015328,-0.979025,76.5
2020-06-22 11:13:22,42401,37.6015328,-0.979025,76.5
2020-06-22 11:13:22,42501,37.6015328,-0.979025,76.5
2020-06-22 11:13:22,42602,37.6015328,-0.979025,76.5
2020-06-22 11:13:22,42701,37.6015328,-0.979025,76.5
2020-06-22 11:13:22,42801,37.6015328,-0.979025,76.5
2020-06-22 11:13:22,42901,37.6015328,-0.979025,76.5
2020-06-22 11:13:22,43002,37.6015328,-0.979025,76.5
2020-06-22 11:13:22,43101,37.6015328,-0.979025,76.5
2020-06-22 11:13:22,43201,37.6015328,-0.979025,76.5
2020-06-22 11:13:23,43301,37.6015328,-0.979025,76.5
2020-06-22 11:13:23,43402,37.6015328,-0.979025,76.5
2020-06-22 11:13:23,43501,37.6015328,-0.979025,76.5
2020-06-22 11:13:23,43601,37.6015328,-0.979025,76.5
2020-06-22 11:13:23,43701,37.6015328,-0.979025,76.5
2020-06-22 11:13:23,43802,37.6015328,-0.979025,76.5
2020-06-22 11:13:23,43901,37.6015328,-0.979025,76.5
2020-06-22 11:13:23,44001,37.6015328,-0.979025,76.5
2020-06-22 11:13:23,44101,37.6015328,-0.979025,76.5
2020-06-22 11:13:23,44201,37.6015328,-0.979025,76.5
2020-06-22 11:13:24,44303,37.6015328,-0.979025,76.5
2020-06-22 11:13:24,44401,37.6015328,-0.979025,76.5
2020-06-22 11:13:24,44502,37.6015328,-0.979025,76.5
2020-06-22 11:13:28,48942,37.6015328,-0.979025,76.5
2020-06-22 11:13:28,48942,37.6015328,-0.979025,76.5
2020-06-22 11:13:28,48942,37.6015328,-0.979025,76.5
2020-06-22 11:13:28,48942,37.6015328,-0.979025,76.5
2020-06-22 11:13:28,48942,37.6015328,-0.979025,76.5
2020-06-22 11:13:28,48942,37.6015328,-0.979025,76.5
2020-06-22 11:13:28,48942,37.6015328,-0.979025,76.5
2020-06-22 11:13:28,48942,37.6015328,-0.979025,76.5
2020-06-22 11:13:28,48942,37.6015328,-0.979025,76.5
2020-06-22 11:13:28,48942,37.6015328,-0.979025,76.5
2020-06-22 11:13:28,48943,37.6015328,-0.979025,76.5
2020-06-22 11:13:28,48943,37.6015328,-0.979025,76.5
2020-06-22 11:13:28,48943,37.6015328,-0.979025,76.5
2020-06-22 11:13:28,48943,37.6015328,-0.979025,76.5
2020-06-22 11:13:28,48943,37.6015328,-0.979025,76.5
2020-06-22 11:13:28,48943,37.6015328,-0.979025,76.5
2020-06-22 11:13:28,48943,37.6015328,-0.979025,76.5
2020-06-22 11:13:28,48943,37.6015328,-0.979025,76.5
2020-06-22 11:13:28,48943,37.6015328,-0.979025,76.5
2020-06-22 11:13:28,48943,37.6015328,-0.979025,76.5
2020-06-22 11:13:28,48943,37.6015328,-0.979025,76.5
2020-06-22 11:13:28,48943,37.6015328,-0.979025,76.5
2020-06-22 11:13:28,48943,37.6015328,-0.979025,76.5
2020-06-22 11:13:28,48943,37.6015328,-0.979025,76.5
2020-06-22 11:13:28,48943,37.6015328,-0.979025,76.5
2020-06-22 11:13:28,48943,37.6015328,-0.979025,76.5
2020-06-22 11:13:28,48943,37.6015328,-0.979025,76.5
2020-06-22 11:13:28,48943,37.6015328,-0.979025,76.5
2020-06-22 11:13:28,48943,37.6015328,-0.979025,76.5
2020-06-22 11:13:28,48943,37.6015328,-0.979025,76.5
2020-06-22 11:13:28,48943,37.6015328,-0.979025,76.5
2020-06-22 11:13:28,48943,37.6015328,-0.979025,76.5
2020-06-22 11:13:28,48943,37.6015328,-0.979025,76.5
2020-06-22 11:13:28,48943,37.6015328,-0.979025,76.5
2020-06-22 11:13:28,48943,37.6015328,-0.979025,76.5
2020-06-22 11:13:28,48943,37.6015328,-0.979025,76.5
2020-06-22 11:13:28,48943,37.6015328,-0.979025,76.5
2020-06-22 11:13:28,48943,37.6015328,-0.979025,76.5
2020-06-22 11:13:28,48943,37.6015328,-0.979025,76.5
2020-06-22 11:13:28,48943,37.6015328,-0.979025,76.5
2020-06-22 11:13:28,48943,37.6015328,-0.979025,76.5
2020-06-22 11:13:28,48943,37.6015328,-0.979025,76.5
2020-06-22 11:13:28,48943,37.6015328,-0.979025,76.5
2020-06-22 11:13:28,48943,37.6015328,-0.979025,76.5
2020-06-22 11:13:28,49002,37.6015328,-0.979025,76.5
2020-06-22 11:15:16,156943,37.6015328,-0.979025,76.5
2020-06-22 11:15:16,156944,37.6015328,-0.979025,76.5
2020-06-22 11:15:16,156944,37.6015328,-0.979025,76.5
2020-06-22 11:15:16,156944,37.6015328,-0.979025,76.5
2020-06-22 11:15:16,156944,37.6015328,-0.979025,76.5
2020-06-22 11:15:16,156944,37.6015328,-0.979025,76.5
2020-06-22 11:15:16,156944,37.6015328,-0.979025,76.5
2020-06-22 11:15:16,156944,37.6015328,-0.979025,76.5
2020-06-22 11:15:16,156944,37.6015328,-0.979025,76.5
2020-06-22 11:15:16,156944,37.6015328,-0.979025,76.5
2020-06-22 11:15:16,156944,37.6015328,-0.979025,76.5
2020-06-22 11:15:16,156944,37.6015328,-0.979025,76.5
2020-06-22 11:15:16,156944,37.6015328,-0.979025,76.5
2020-06-22 11:15:16,156944,37.6015328,-0.979025,76.5
2020-06-22 11:15:16,156944,37.6015328,-0.979025,76.5
2020-06-22 11:15:16,156944,37.6015328,-0.979025,76.5
2020-06-22 11:15:16,156944,37.6015328,-0.979025,76.5
2020-06-22 11:15:16,156944,37.6015328,-0.979025,76.5
2020-06-22 11:15:16,156944,37.6015328,-0.979025,76.5
2020-06-22 11:15:16,156944,37.6015328,-0.979025,76.5
2020-06-22 11:15:16,156944,37.6015328,-0.979025,76.5
2020-06-22 11:15:16,156944,37.6015328,-0.979025,76.5
2020-06-22 11:15:16,156944,37.6015328,-0.979025,76.5
2020-06-22 11:15:16,156944,37.6015328,-0.979025,76.5
2020-06-22 11:15:16,156944,37.6015328,-0.979025,76.5
2020-06-22 11:15:16,156944,37.6015328,-0.979025,76.5
2020-06-22 11:15:16,156944,37.6015328,-0.979025,76.5
2020-06-22 11:15:16,156944,37.6015328,-0.979025,76.5
2020-06-22 11:15:16,156944,37.6015328,-0.979025,76.5
2020-06-22 11:15:16,156944,37.6015328,-0.979025,76.5
2020-06-22 11:15:16,156944,37.6015328,-0.979025,76.5
2020-06-22 11:15:16,156944,37.6015328,-0.979025,76.5
2020-06-22 11:15:16,156944,37.6015328,-0.979025,76.5
2020-06-22 11:15:16,156944,37.6015328,-0.979025,76.5
2020-06-22 11:15:16,156944,37.6015328,-0.979025,76.5
2020-06-22 11:15:16,156944,37.6015328,-0.979025,76.5
2020-06-22 11:15:16,156944,37.6015328,-0.979025,76.5
2020-06-22 11:15:16,156944,37.6015328,-0.979025,76.5
2020-06-22 11:15:16,156944,37.6015328,-0.979025,76.5
2020-06-22 11:15:16,156944,37.6015328,-0.979025,76.5
2020-06-22 11:15:16,156944,37.6015328,-0.979025,76.5
2020-06-22 11:15:16,156944,37.6015328,-0.979025,76.5
2020-06-22 11:15:16,156944,37.6015328,-0.979025,76.5
2020-06-22 11:15:16,156944,37.6015328,-0.979025,76.5
2020-06-22 11:15:16,156944,37.6015328,-0.979025,76.5
2020-06-22 11:15:16,156944,37.6015328,-0.979025,76.5
2020-06-22 11:15:16,156944,37.6015328,-0.979025,76.5
2020-06-22 11:15:16,156944,37.6015328,-0.979025,76.5
2020-06-22 11:15:16,156944,37.6015328,-0.979025,76.5
2020-06-22 11:15:16,156944,37.6015328,-0.979025,76.5
2020-06-22 11:15:16,156944,37.6015328,-0.979025,76.5
2020-06-22 11:15:16,156944,37.6015328,-0.979025,76.5
2020-06-22 11:15:16,156944,37.6015328,-0.979025,76.5
2020-06-22 11:15:16,156944,37.6015328,-0.979025,76.5
2020-06-22 11:15:16,156944,37.6015328,-0.979025,76.5
2020-06-22 11:15:16,156944,37.6015328,-0.979025,76.5
2020-06-22 11:15:16,156944,37.6015328,-0.979025,76.5
2020-06-22 11:15:16,156944,37.6015328,-0.979025,76.5
2020-06-22 11:15:16,156944,37.6015328,-0.979025,76.5
2020-06-22 11:15:16,156944,37.6015328,-0.979025,76.5
2020-06-22 11:15:16,156944,37.6015328,-0.979025,76.5
2020-06-22 11:15:16,156944,37.6015328,-0.979025,76.5
2020-06-22 11:15:16,156944,37.6015328,-0.979025,76.5
2020-06-22 11:15:16,156944,37.6015328,-0.979025,76.5
2020-06-22 11:15:16,156944,37.6015328,-0.979025,76.5
2020-06-22 11:15:16,156944,37.6015328,-0.979025,76.5
2020-06-22 11:15:16,156944,37.6015328,-0.979025,76.5
2020-06-22 11:15:16,156944,37.6015328,-0.979025,76.5
2020-06-22 11:15:16,156944,37.6015328,-0.979025,76.5
2020-06-22 11:15:16,156944,37.6015328,-0.979025,76.5
2020-06-22 11:15:16,156944,37.6015328,-0.979025,76.5
2020-06-22 11:15:16,156944,37.6015328,-0.979025,76.5
2020-06-22 11:15:16,156944,37.6015328,-0.979025,76.5
2020-06-22 11:15:16,156944,37.6015328,-0.979025,76.5
2020-06-22 11:15:16,156944,37.6015328,-0.979025,76.5
2020-06-22 11:15:16,156944,37.6015328,-0.979025,76.5
2020-06-22 11:15:16,156944,37.6015328,-0.979025,76.5
2020-06-22 11:15:16,156944,37.6015328,-0.979025,76.5
2020-06-22 11:15:16,156944,37.6015328,-0.979025,76.5
2020-06-22 11:15:16,156944,37.6015328,-0.979025,76.5
2020-06-22 11:15:16,156944,37.6015328,-0.979025,76.5
2020-06-22 11:15:16,156944,37.6015328,-0.979025,76.5
2020-06-22 11:15:16,156944,37.6015328,-0.979025,76.5
2020-06-22 11:15:16,156944,37.6015328,-0.979025,76.5
2020-06-22 11:15:16,156944,37.6015328,-0.979025,76.5
2020-06-22 11:15:16,156944,37.6015328,-0.979025,76.5
2020-06-22 11:15:16,156944,37.6015328,-0.979025,76.5
2020-06-22 11:15:16,156944,37.6015328,-0.979025,76.5
2020-06-22 11:15:16,156944,37.6015328,-0.979025,76.5
2020-06-22 11:15:16,156944,37.6015328,-0.979025,76.5
2020-06-22 11:15:16,156944,37.6015328,-0.979025,76.5
2020-06-22 11:15:16,156944,37.6015328,-0.979025,76.5
2020-06-22 11:15:16,156944,37.6015328,-0.979025,76.5
2020-06-22 11:15:16,156944,37.6015328,-0.979025,76.5
2020-06-22 11:15:16,156944,37.6015328,-0.979025,76.5
2020-06-22 11:15:16,156944,37.6015328,-0.979025,76.5
2020-06-22 11:15:16,156944,37.6015328,-0.979025,76.5
2020-06-22 11:15:16,156944,37.6015328,-0.979025,76.5
2020-06-22 11:15:16,156944,37.6015328,-0.979025,76.5
2020-06-22 11:15:16,156944,37.6015328,-0.979025,76.5
2020-06-22 11:15:16,156944,37.6015328,-0.979025,76.5
2020-06-22 11:15:16,156944,37.6015328,-0.979025,76.5
2020-06-22 11:15:16,156944,37.6015328,-0.979025,76.5
2020-06-22 11:15:16,156944,37.6015328,-0.979025,76.5
2020-06-22 11:15:16,156944,37.6015328,-0.979025,76.5
2020-06-22 11:15:16,156944,37.6015328,-0.979025,76.5
2020-06-22 11:15:16,156944,37.6015328,-0.979025,76.5
2020-06-22 11:15:16,156944,37.6015328,-0.979025,76.5
2020-06-22 11:15:16,156944,37.6015328,-0.979025,76.5
2020-06-22 11:15:16,156944,37.6015328,-0.979025,76.5
2020-06-22 11:15:16,156944,37.6015328,-0.979025,76.5
2020-06-22 11:15:16,156944,37.6015328,-0.979025,76.5
2020-06-22 11:15:16,156944,37.6015328,-0.979025,76.5
2020-06-22 11:15:16,156944,37.6015328,-0.979025,76.5
2020-06-22 11:15:16,156944,37.6015328,-0.979025,76.5
2020-06-22 11:15:16,156944,37.6015328,-0.979025,76.5
2020-06-22 11:15:16,156944,37.6015328,-0.979025,76.5
2020-06-22 11:15:16,156944,37.6015328,-0.979025,76.5
2020-06-22 11:15:16,156944,37.6015328,-0.979025,76.5
2020-06-22 11:15:16,156944,37.6015328,-0.979025,76.5
2020-06-22 11:15:16,156944,37.6015328,-0.979025,76.5
2020-06-22 11:15:16,156944,37.6015328,-0.979025,76.5
2020-06-22 11:15:16,156944,37.6015328,-0.979025,76.5
2020-06-22 11:15:16,156944,37.6015328,-0.979025,76.5
2020-06-22 11:15:16,156944,37.6015328,-0.979025,76.5
2020-06-22 11:15:16,156944,37.6015328,-0.979025,76.5
2020-06-22 11:15:16,156944,37.6015328,-0.979025,76.5
2020-06-22 11:15:16,156944,37.6015328,-0.979025,76.5
2020-06-22 11:15:16,156944,37.6015328,-0.979025,76.5
2020-06-22 11:15:16,156944,37.6015328,-0.979025,76.5
2020-06-22 11:15:16,156944,37.6015328,-0.979025,76.5
2020-06-22 11:15:16,156944,37.6015328,-0.979025,76.5
2020-06-22 11:15:16,156944,37.6015328,-0.979025,76.5
2020-06-22 11:15:16,156944,37.6015328,-0.979025,76.5
2020-06-22 11:15:16,156944,37.6015328,-0.979025,76.5
2020-06-22 11:15:16,156944,37.6015328,-0.979025,76.5
2020-06-22 11:15:16,156944,37.6015328,-0.979025,76.5
2020-06-22 11:15:16,156944,37.6015328,-0.979025,76.5
2020-06-22 11:15:16,156944,37.6015328,-0.979025,76.5
2020-06-22 11:15:16,156944,37.6015328,-0.979025,76.5
2020-06-22 11:15:16,156944,37.6015328,-0.979025,76.5
2020-06-22 11:15:16,156944,37.6015328,-0.979025,76.5
2020-06-22 11:15:16,156944,37.6015328,-0.979025,76.5
2020-06-22 11:15:16,156944,37.6015328,-0.979025,76.5
2020-06-22 11:15:16,156944,37.6015328,-0.979025,76.5
2020-06-22 11:15:16,156944,37.6015328,-0.979025,76.5
2020-06-22 11:15:16,156944,37.6015328,-0.979025,76.5
2020-06-22 11:15:16,156944,37.6015328,-0.979025,76.5
2020-06-22 11:15:16,156944,37.6015328,-0.979025,76.5
2020-06-22 11:15:16,156944,37.6015328,-0.979025,76.5
2020-06-22 11:15:16,156944,37.6015328,-0.979025,76.5
2020-06-22 11:15:16,156944,37.6015328,-0.979025,76.5
2020-06-22 11:15:16,156944,37.6015328,-0.979025,76.5
2020-06-22 11:15:16,156944,37.6015328,-0.979025,76.5
2020-06-22 11:15:16,156944,37.6015328,-0.979025,76.5
2020-06-22 11:15:16,156944,37.6015328,-0.979025,76.5
2020-06-22 11:15:16,156944,37.6015328,-0.979025,76.5
2020-06-22 11:15:16,156944,37.6015328,-0.979025,76.5
2020-06-22 11:15:16,156944,37.6015328,-0.979025,76.5
2020-06-22 11:15:16,156944,37.6015328,-0.979025,76.5
2020-06-22 11:15:16,156944,37.6015328,-0.979025,76.5
2020-06-22 11:15:16,156944,37.6015328,-0.979025,76.5
2020-06-22 11:15:16,156944,37.6015328,-0.979025,76.5
2020-06-22 11:15:16,156944,37.6015328,-0.979025,76.5
2020-06-22 11:15:16,156944,37.6015328,-0.979025,76.5
2020-06-22 11:15:16,156944,37.6015328,-0.979025,76.5
2020-06-22 11:15:16,156944,37.6015328,-0.979025,76.5
2020-06-22 11:15:16,156944,37.6015328,-0.979025,76.5
2020-06-22 11:15:16,156944,37.6015328,-0.979025,76.5
2020-06-22 11:15:16,156944,37.6015328,-0.979025,76.5
2020-06-22 11:15:16,156944,37.6015328,-0.979025,76.5
2020-06-22 11:15:16,156944,37.6015328,-0.979025,76.5
2020-06-22 11:15:16,156944,37.6015328,-0.979025,76.5
2020-06-22 11:15:16,156944,37.6015328,-0.979025,76.5
2020-06-22 11:15:16,156944,37.6015328,-0.979025,76.5
2020-06-22 11:15:16,156944,37.6015328,-0.979025,76.5
2020-06-22 11:15:16,156944,37.6015328,-0.979025,76.5
2020-06-22 11:15:16,156944,37.6015328,-0.979025,76.5
2020-06-22 11:15:16,156944,37.6015328,-0.979025,76.5
2020-06-22 11:15:16,156944,37.6015328,-0.979025,76.5
2020-06-22 11:15:16,156944,37.6015328,-0.979025,76.5
2020-06-22 11:15:16,156944,37.6015328,-0.979025,76.5
2020-06-22 11:15:16,156944,37.6015328,-0.979025,76.5
2020-06-22 11:15:16,156944,37.6015328,-0.979025,76.5
2020-06-22 11:15:16,156944,37.6015328,-0.979025,76.5
2020-06-22 11:15:16,156944,37.6015328,-0.979025,76.5
2020-06-22 11:15:16,156944,37.6015328,-0.979025,76.5
2020-06-22 11:15:16,156944,37.6015328,-0.979025,76.5
2020-06-22 11:15:16,156944,37.6015328,-0.979025,76.5
2020-06-22 11:15:16,156944,37.6015328,-0.979025,76.5
2020-06-22 11:15:16,156944,37.6015328,-0.979025,76.5
2020-06-22 11:15:16,156944,37.6015328,-0.979025,76.5
2020-06-22 11:15:16,156944,37.6015328,-0.979025,76.5
2020-06-22 11:15:16,156944,37.6015328,-0.979025,76.5
2020-06-22 11:15:16,156944,37.6015328,-0.979025,76.5
2020-06-22 11:15:16,156944,37.6015328,-0.979025,76.5
2020-06-22 11:15:16,156944,37.6015328,-0.979025,76.5
2020-06-22 11:15:16,156944,37.6015328,-0.979025,76.5
2020-06-22 11:15:16,156944,37.6015328,-0.979025,76.5
2020-06-22 11:15:16,156944,37.6015328,-0.979025,76.5
2020-06-22 11:15:16,156944,37.6015328,-0.979025,76.5
2020-06-22 11:15:16,156944,37.6015328,-0.979025,76.5
2020-06-22 11:15:16,156944,37.6015328,-0.979025,76.5
2020-06-22 11:15:16,156944,37.6015328,-0.979025,76.5
2020-06-22 11:15:16,156944,37.6015328,-0.979025,76.5
2020-06-22 11:15:16,156944,37.6015328,-0.979025,76.5
2020-06-22 11:15:16,156944,37.6015328,-0.979025,76.5
2020-06-22 11:15:16,156944,37.6015328,-0.979025,76.5
2020-06-22 11:15:16,156944,37.6015328,-0.979025,76.5
2020-06-22 11:15:16,156944,37.6015328,-0.979025,76.5
2020-06-22 11:15:16,156944,37.6015328,-0.979025,76.5
2020-06-22 11:15:16,156944,37.6015328,-0.979025,76.5
2020-06-22 11:15:16,156944,37.6015328,-0.979025,76.5
2020-06-22 11:15:16,156944,37.6015328,-0.979025,76.5
2020-06-22 11:15:16,156944,37.6015328,-0.979025,76.5
2020-06-22 11:15:16,156945,37.6015328,-0.979025,76.5
2020-06-22 11:15:16,156945,37.6015328,-0.979025,76.5
2020-06-22 11:15:16,156945,37.6015328,-0.979025,76.5
2020-06-22 11:15:16,156945,37.6015328,-0.979025,76.5
2020-06-22 11:15:16,156945,37.6015328,-0.979025,76.5
2020-06-22 11:15:16,156945,37.6015328,-0.979025,76.5
2020-06-22 11:15:16,156945,37.6015328,-0.979025,76.5
2020-06-22 11:15:16,156945,37.6015328,-0.979025,76.5
2020-06-22 11:15:16,156945,37.6015328,-0.979025,76.5
2020-06-22 11:15:16,156945,37.6015328,-0.979025,76.5
2020-06-22 11:15:16,156945,37.6015328,-0.979025,76.5
2020-06-22 11:15:16,156945,37.6015328,-0.979025,76.5
2020-06-22 11:15:16,156945,37.6015328,-0.979025,76.5
2020-06-22 11:15:16,156945,37.6015328,-0.979025,76.5
2020-06-22 11:15:16,156945,37.6015328,-0.979025,76.5
2020-06-22 11:15:16,156945,37.6015328,-0.979025,76.5
2020-06-22 11:15:16,156945,37.6015328,-0.979025,76.5
2020-06-22 11:15:16,156945,37.6015328,-0.979025,76.5
2020-06-22 11:15:16,156945,37.6015328,-0.979025,76.5
2020-06-22 11:15:16,156945,37.6015328,-0.979025,76.5
2020-06-22 11:15:16,156945,37.6015328,-0.979025,76.5
2020-06-22 11:15:16,156945,37.6015328,-0.979025,76.5
2020-06-22 11:15:16,156945,37.6015328,-0.979025,76.5
2020-06-22 11:15:16,156945,37.6015328,-0.979025,76.5
2020-06-22 11:15:16,156945,37.6015328,-0.979025,76.5
2020-06-22 11:15:16,156945,37.6015328,-0.979025,76.5
2020-06-22 11:15:16,156945,37.6015328,-0.979025,76.5
2020-06-22 11:15:16,156945,37.6015328,-0.979025,76.5
2020-06-22 11:15:16,156945,37.6015328,-0.979025,76.5
2020-06-22 11:15:16,156945,37.6015328,-0.979025,76.5
2020-06-22 11:15:16,156945,37.6015328,-0.979025,76.5
2020-06-22 11:15:16,156945,37.6015328,-0.979025,76.5
2020-06-22 11:15:16,156945,37.6015328,-0.979025,76.5
2020-06-22 11:15:16,156945,37.6015328,-0.979025,76.5
2020-06-22 11:15:16,156945,37.6015328,-0.979025,76.5
2020-06-22 11:15:16,156945,37.6015328,-0.979025,76.5
2020-06-22 11:15:16,156945,37.6015328,-0.979025,76.5
2020-06-22 11:15:16,156945,37.6015328,-0.979025,76.5
2020-06-22 11:15:16,156945,37.6015328,-0.979025,76.5
2020-06-22 11:15:16,156945,37.6015328,-0.979025,76.5
2020-06-22 11:15:16,156945,37.6015328,-0.979025,76.5
2020-06-22 11:15:16,156945,37.6015328,-0.979025,76.5
2020-06-22 11:15:16,156945,37.6015328,-0.979025,76.5
2020-06-22 11:15:16,156945,37.6015328,-0.979025,76.5
2020-06-22 11:15:16,156945,37.6015328,-0.979025,76.5
2020-06-22 11:15:16,156945,37.6015328,-0.979025,76.5
2020-06-22 11:15:16,156945,37.6015328,-0.979025,76.5
2020-06-22 11:15:16,156945,37.6015328,-0.979025,76.5
2020-06-22 11:15:16,156945,37.6015328,-0.979025,76.5
2020-06-22 11:15:16,156945,37.6015328,-0.979025,76.5
2020-06-22 11:15:16,156945,37.6015328,-0.979025,76.5
2020-06-22 11:15:16,156945,37.6015328,-0.979025,76.5
2020-06-22 11:15:16,156945,37.6015328,-0.979025,76.5
2020-06-22 11:15:16,156945,37.6015328,-0.979025,76.5
2020-06-22 11:15:16,156945,37.6015328,-0.979025,76.5
2020-06-22 11:15:16,156945,37.6015328,-0.979025,76.5
2020-06-22 11:15:16,156945,37.6015328,-0.979025,76.5
2020-06-22 11:15:16,156945,37.6015328,-0.979025,76.5
2020-06-22 11:15:16,156945,37.6015328,-0.979025,76.5
2020-06-22 11:15:16,156945,37.6015328,-0.979025,76.5
2020-06-22 11:15:16,156945,37.6015328,-0.979025,76.5
2020-06-22 11:15:16,156945,37.6015328,-0.979025,76.5
2020-06-22 11:15:16,156945,37.6015328,-0.979025,76.5
2020-06-22 11:15:16,156945,37.6015328,-0.979025,76.5
2020-06-22 11:15:16,156945,37.6015328,-0.979025,76.5
2020-06-22 11:15:16,156945,37.6015328,-0.979025,76.5
2020-06-22 11:15:16,156945,37.6015328,-0.979025,76.5
2020-06-22 11:15:16,156945,37.6015328,-0.979025,76.5
2020-06-22 11:15:16,156945,37.6015328,-0.979025,76.5
2020-06-22 11:15:16,156945,37.6015328,-0.979025,76.5
2020-06-22 11:15:16,156945,37.6015328,-0.979025,76.5
2020-06-22 11:15:16,156945,37.6015328,-0.979025,76.5
2020-06-22 11:15:16,156945,37.6015328,-0.979025,76.5
2020-06-22 11:15:16,156945,37.6015328,-0.979025,76.5
2020-06-22 11:15:16,156945,37.6015328,-0.979025,76.5
2020-06-22 11:15:16,156945,37.6015328,-0.979025,76.5
2020-06-22 11:15:16,156945,37.6015328,-0.979025,76.5
2020-06-22 11:15:16,156945,37.6015328,-0.979025,76.5
2020-06-22 11:15:16,156945,37.6015328,-0.979025,76.5
2020-06-22 11:15:16,156945,37.6015328,-0.979025,76.5
2020-06-22 11:15:16,156945,37.6015328,-0.979025,76.5
2020-06-22 11:15:16,156945,37.6015328,-0.979025,76.5
2020-06-22 11:15:16,156945,37.6015328,-0.979025,76.5
2020-06-22 11:15:16,156945,37.6015328,-0.979025,76.5
2020-06-22 11:15:16,156945,37.6015328,-0.979025,76.5
2020-06-22 11:15:16,156945,37.6015328,-0.979025,76.5
2020-06-22 11:15:16,156945,37.6015328,-0.979025,76.5
2020-06-22 11:15:16,156945,37.6015328,-0.979025,76.5
2020-06-22 11:15:16,156945,37.6015328,-0.979025,76.5
2020-06-22 11:15:16,156945,37.6015328,-0.979025,76.5
2020-06-22 11:15:16,156945,37.6015328,-0.979025,76.5
2020-06-22 11:15:16,156945,37.6015328,-0.979025,76.5
2020-06-22 11:15:16,156945,37.6015328,-0.979025,76.5
2020-06-22 11:15:16,156945,37.6015328,-0.979025,76.5
2020-06-22 11:15:16,156945,37.6015328,-0.979025,76.5
2020-06-22 11:15:16,156945,37.6015328,-0.979025,76.5
2020-06-22 11:15:16,156945,37.6015328,-0.979025,76.5
2020-06-22 11:15:16,156945,37.6015328,-0.979025,76.5
2020-06-22 11:15:16,156945,37.6015328,-0.979025,76.5
2020-06-22 11:15:16,156945,37.6015328,-0.979025,76.5
2020-06-22 11:15:16,156945,37.6015328,-0.979025,76.5
2020-06-22 11:15:16,156945,37.6015328,-0.979025,76.5
2020-06-22 11:15:16,156945,37.6015328,-0.979025,76.5
2020-06-22 11:15:16,156945,37.6015328,-0.979025,76.5
2020-06-22 11:15:16,156945,37.6015328,-0.979025,76.5
2020-06-22 11:15:16,156945,37.6015328,-0.979025,76.5
2020-06-22 11:15:16,156945,37.6015328,-0.979025,76.5
2020-06-22 11:15:16,156945,37.6015328,-0.979025,76.5
2020-06-22 11:15:16,156945,37.6015328,-0.979025,76.5
2020-06-22 11:15:16,156945,37.6015328,-0.979025,76.5
2020-06-22 11:15:16,156945,37.6015328,-0.979025,76.5
2020-06-22 11:15:16,156945,37.6015328,-0.979025,76.5
2020-06-22 11:15:16,156945,37.6015328,-0.979025,76.5
2020-06-22 11:15:16,156945,37.6015328,-0.979025,76.5
2020-06-22 11:15:16,156945,37.6015328,-0.979025,76.5
2020-06-22 11:15:16,156945,37.6015328,-0.979025,76.5
2020-06-22 11:15:16,156945,37.6015328,-0.979025,76.5
2020-06-22 11:15:16,156945,37.6015328,-0.979025,76.5
2020-06-22 11:15:16,156945,37.6015328,-0.979025,76.5
2020-06-22 11:15:16,156945,37.6015328,-0.979025,76.5
2020-06-22 11:15:16,156945,37.6015328,-0.979025,76.5
2020-06-22 11:15:16,156945,37.6015328,-0.979025,76.5
2020-06-22 11:15:16,156951,37.6015328,-0.979025,76.5
2020-06-22 11:15:16,156952,37.6015328,-0.979025,76.5
2020-06-22 11:15:16,156952,37.6015328,-0.979025,76.5
2020-06-22 11:15:16,156952,37.6015328,-0.979025,76.5
2020-06-22 11:15:16,156952,37.6015328,-0.979025,76.5
2020-06-22 11:15:16,156952,37.6015328,-0.979025,76.5
2020-06-22 11:15:16,156952,37.6015328,-0.979025,76.5
2020-06-22 11:15:16,156952,37.6015328,-0.979025,76.5
2020-06-22 11:15:16,156952,37.6015328,-0.979025,76.5
2020-06-22 11:15:16,156952,37.6015328,-0.979025,76.5
2020-06-22 11:15:16,156952,37.6015328,-0.979025,76.5
2020-06-22 11:15:16,156952,37.6015328,-0.979025,76.5
2020-06-22 11:15:16,156952,37.6015328,-0.979025,76.5
2020-06-22 11:15:16,156952,37.6015328,-0.979025,76.5
2020-06-22 11:15:16,156952,37.6015328,-0.979025,76.5
2020-06-22 11:15:16,156952,37.6015328,-0.979025,76.5
2020-06-22 11:15:16,156952,37.6015328,-0.979025,76.5
2020-06-22 11:15:16,156952,37.6015328,-0.979025,76.5
2020-06-22 11:15:16,156952,37.6015328,-0.979025,76.5
2020-06-22 11:15:16,156952,37.6015328,-0.979025,76.5
2020-06-22 11:15:16,156952,37.6015328,-0.979025,76.5
2020-06-22 11:15:16,156952,37.6015328,-0.979025,76.5
2020-06-22 11:15:16,156952,37.6015328,-0.979025,76.5
2020-06-22 11:15:16,156952,37.6015328,-0.979025,76.5
2020-06-22 11:15:16,156952,37.6015328,-0.979025,76.5
2020-06-22 11:15:16,156952,37.6015328,-0.979025,76.5
2020-06-22 11:15:16,156952,37.6015328,-0.979025,76.5
2020-06-22 11:15:16,156952,37.6015328,-0.979025,76.5
2020-06-22 11:15:16,156952,37.6015328,-0.979025,76.5
2020-06-22 11:15:16,156952,37.6015328,-0.979025,76.5
2020-06-22 11:15:16,156952,37.6015328,-0.979025,76.5
2020-06-22 11:15:16,156952,37.6015328,-0.979025,76.5
2020-06-22 11:15:16,156952,37.6015328,-0.979025,76.5
2020-06-22 11:15:16,156952,37.6015328,-0.979025,76.5
2020-06-22 11:15:16,156952,37.6015328,-0.979025,76.5
2020-06-22 11:15:16,156952,37.6015328,-0.979025,76.5
2020-06-22 11:15:16,156952,37.6015328,-0.979025,76.5
2020-06-22 11:15:16,156952,37.6015328,-0.979025,76.5
2020-06-22 11:15:16,156952,37.6015328,-0.979025,76.5
2020-06-22 11:15:16,156952,37.6015328,-0.979025,76.5
2020-06-22 11:15:16,156952,37.6015328,-0.979025,76.5
2020-06-22 11:15:16,156952,37.6015328,-0.979025,76.5
2020-06-22 11:15:16,156952,37.6015328,-0.979025,76.5
2020-06-22 11:15:16,156952,37.6015328,-0.979025,76.5
2020-06-22 11:15:16,156952,37.6015328,-0.979025,76.5
2020-06-22 11:15:16,156952,37.6015328,-0.979025,76.5
2020-06-22 11:15:16,156952,37.6015328,-0.979025,76.5
2020-06-22 11:15:16,156952,37.6015328,-0.979025,76.5
2020-06-22 11:15:16,156952,37.6015328,-0.979025,76.5
2020-06-22 11:15:16,156952,37.6015328,-0.979025,76.5
2020-06-22 11:15:16,156952,37.6015328,-0.979025,76.5
2020-06-22 11:15:16,156952,37.6015328,-0.979025,76.5
2020-06-22 11:15:16,156952,37.6015328,-0.979025,76.5
2020-06-22 11:15:16,156952,37.6015328,-0.979025,76.5
2020-06-22 11:15:16,156952,37.6015328,-0.979025,76.5
2020-06-22 11:15:16,156952,37.6015328,-0.979025,76.5
2020-06-22 11:15:16,156952,37.6015328,-0.979025,76.5
2020-06-22 11:15:16,156952,37.6015328,-0.979025,76.5
2020-06-22 11:15:16,156952,37.6015328,-0.979025,76.5
2020-06-22 11:15:16,156952,37.6015328,-0.979025,76.5
2020-06-22 11:15:16,156952,37.6015328,-0.979025,76.5
2020-06-22 11:15:16,156952,37.6015328,-0.979025,76.5
2020-06-22 11:15:16,156952,37.6015328,-0.979025,76.5
2020-06-22 11:15:16,156952,37.6015328,-0.979025,76.5
2020-06-22 11:15:16,156952,37.6015328,-0.979025,76.5
2020-06-22 11:15:16,156952,37.6015328,-0.979025,76.5
2020-06-22 11:15:16,156952,37.6015328,-0.979025,76.5
2020-06-22 11:15:16,156952,37.6015328,-0.979025,76.5
2020-06-22 11:15:16,156952,37.6015328,-0.979025,76.5
2020-06-22 11:15:16,156952,37.6015328,-0.979025,76.5
2020-06-22 11:15:16,156952,37.6015328,-0.979025,76.5
2020-06-22 11:15:16,156952,37.6015328,-0.979025,76.5
2020-06-22 11:15:16,156952,37.6015328,-0.979025,76.5
2020-06-22 11:15:16,156952,37.6015328,-0.979025,76.5
2020-06-22 11:15:16,156953,37.6015328,-0.979025,76.5
2020-06-22 11:15:16,156953,37.6015328,-0.979025,76.5
2020-06-22 11:15:16,156953,37.6015328,-0.979025,76.5
2020-06-22 11:15:16,156953,37.6015328,-0.979025,76.5
2020-06-22 11:15:16,156953,37.6015328,-0.979025,76.5
2020-06-22 11:15:16,156953,37.6015328,-0.979025,76.5
2020-06-22 11:15:16,156953,37.6015328,-0.979025,76.5
2020-06-22 11:15:16,156953,37.6015328,-0.979025,76.5
2020-06-22 11:15:16,156953,37.6015328,-0.979025,76.5
2020-06-22 11:15:16,156953,37.6015328,-0.979025,76.5
2020-06-22 11:15:16,156953,37.6015328,-0.979025,76.5
2020-06-22 11:15:16,156953,37.6015328,-0.979025,76.5
2020-06-22 11:15:16,156953,37.6015328,-0.979025,76.5
2020-06-22 11:15:16,156953,37.6015328,-0.979025,76.5
2020-06-22 11:15:16,156953,37.6015328,-0.979025,76.5
2020-06-22 11:15:16,156953,37.6015328,-0.979025,76.5
2020-06-22 11:15:16,156953,37.6015328,-0.979025,76.5
2020-06-22 11:15:16,156953,37.6015328,-0.979025,76.5
2020-06-22 11:15:16,156953,37.6015328,-0.979025,76.5
2020-06-22 11:15:16,156953,37.6015328,-0.979025,76.5
2020-06-22 11:15:16,156953,37.6015328,-0.979025,76.5
2020-06-22 11:15:16,156953,37.6015328,-0.979025,76.5
2020-06-22 11:15:16,156953,37.6015328,-0.979025,76.5
2020-06-22 11:15:16,156953,37.6015328,-0.979025,76.5
2020-06-22 11:15:16,156953,37.6015328,-0.979025,76.5
2020-06-22 11:15:16,156953,37.6015328,-0.979025,76.5
2020-06-22 11:15:16,156953,37.6015328,-0.979025,76.5
2020-06-22 11:15:16,156953,37.6015328,-0.979025,76.5
2020-06-22 11:15:16,156953,37.6015328,-0.979025,76.5
2020-06-22 11:15:16,156953,37.6015328,-0.979025,76.5
2020-06-22 11:15:16,156953,37.6015328,-0.979025,76.5
2020-06-22 11:15:16,156953,37.6015328,-0.979025,76.5
2020-06-22 11:15:16,156953,37.6015328,-0.979025,76.5
2020-06-22 11:15:16,156953,37.6015328,-0.979025,76.5
2020-06-22 11:15:16,156953,37.6015328,-0.979025,76.5
2020-06-22 11:15:16,156953,37.6015328,-0.979025,76.5
2020-06-22 11:15:16,156953,37.6015328,-0.979025,76.5
2020-06-22 11:15:16,156953,37.6015328,-0.979025,76.5
2020-06-22 11:15:16,156953,37.6015328,-0.979025,76.5
2020-06-22 11:15:16,156953,37.6015328,-0.979025,76.5
2020-06-22 11:15:16,156953,37.6015328,-0.979025,76.5
2020-06-22 11:15:16,156953,37.6015328,-0.979025,76.5
2020-06-22 11:15:16,156953,37.6015328,-0.979025,76.5
2020-06-22 11:15:16,156953,37.6015328,-0.979025,76.5
2020-06-22 11:15:16,156953,37.6015328,-0.979025,76.5
2020-06-22 11:15:16,156953,37.6015328,-0.979025,76.5
2020-06-22 11:15:16,156953,37.6015328,-0.979025,76.5
2020-06-22 11:15:16,156953,37.6015328,-0.979025,76.5
2020-06-22 11:15:16,156953,37.6015328,-0.979025,76.5
2020-06-22 11:15:16,156953,37.6015328,-0.979025,76.5
2020-06-22 11:15:16,156953,37.6015328,-0.979025,76.5
2020-06-22 11:15:16,156953,37.6015328,-0.979025,76.5
2020-06-22 11:15:16,156953,37.6015328,-0.979025,76.5
2020-06-22 11:15:16,156953,37.6015328,-0.979025,76.5
2020-06-22 11:15:16,156953,37.6015328,-0.979025,76.5
2020-06-22 11:15:16,156953,37.6015328,-0.979025,76.5
2020-06-22 11:15:16,156953,37.6015328,-0.979025,76.5
2020-06-22 11:15:16,156953,37.6015328,-0.979025,76.5
2020-06-22 11:15:16,156953,37.6015328,-0.979025,76.5
2020-06-22 11:15:16,156953,37.6015328,-0.979025,76.5
2020-06-22 11:15:16,156953,37.6015328,-0.979025,76.5
2020-06-22 11:15:16,156953,37.6015328,-0.979025,76.5
2020-06-22 11:15:16,156953,37.6015328,-0.979025,76.5
2020-06-22 11:15:16,156953,37.6015328,-0.979025,76.5
2020-06-22 11:15:16,156953,37.6015328,-0.979025,76.5
2020-06-22 11:15:16,156953,37.6015328,-0.979025,76.5
2020-06-22 11:15:16,156953,37.6015328,-0.979025,76.5
2020-06-22 11:15:16,156953,37.6015328,-0.979025,76.5
2020-06-22 11:15:16,156953,37.6015328,-0.979025,76.5
2020-06-22 11:15:16,156953,37.6015328,-0.979025,76.5
2020-06-22 11:15:16,156953,37.6015328,-0.979025,76.5
2020-06-22 11:15:16,156953,37.6015328,-0.979025,76.5
2020-06-22 11:15:16,156953,37.6015328,-0.979025,76.5
2020-06-22 11:15:16,156956,37.6015328,-0.979025,76.5
2020-06-22 11:15:16,156956,37.6015328,-0.979025,76.5
2020-06-22 11:15:16,156956,37.6015328,-0.979025,76.5
2020-06-22 11:15:16,156956,37.6015328,-0.979025,76.5
2020-06-22 11:15:16,156956,37.6015328,-0.979025,76.5
2020-06-22 11:15:16,156956,37.6015328,-0.979025,76.5
2020-06-22 11:15:16,156956,37.6015328,-0.979025,76.5
2020-06-22 11:15:16,156956,37.6015328,-0.979025,76.5
2020-06-22 11:15:16,156956,37.6015328,-0.979025,76.5
2020-06-22 11:15:16,156956,37.6015328,-0.979025,76.5
2020-06-22 11:15:16,156957,37.6015328,-0.979025,76.5
2020-06-22 11:15:16,156957,37.6015328,-0.979025,76.5
2020-06-22 11:15:16,156957,37.6015328,-0.979025,76.5
2020-06-22 11:15:16,156957,37.6015328,-0.979025,76.5
2020-06-22 11:15:16,156957,37.6015328,-0.979025,76.5
2020-06-22 11:15:16,156957,37.6015328,-0.979025,76.5
2020-06-22 11:15:16,156957,37.6015328,-0.979025,76.5
2020-06-22 11:15:16,156957,37.6015328,-0.979025,76.5
2020-06-22 11:15:16,156957,37.6015328,-0.979025,76.5
2020-06-22 11:15:16,156957,37.6015328,-0.979025,76.5
2020-06-22 11:15:16,156957,37.6015328,-0.979025,76.5
2020-06-22 11:15:16,156957,37.6015328,-0.979025,76.5
2020-06-22 11:15:16,156957,37.6015328,-0.979025,76.5
2020-06-22 11:15:16,156957,37.6015328,-0.979025,76.5
2020-06-22 11:15:16,156957,37.6015328,-0.979025,76.5
2020-06-22 11:15:16,156957,37.6015328,-0.979025,76.5
2020-06-22 11:15:16,156957,37.6015328,-0.979025,76.5
2020-06-22 11:15:16,156957,37.6015328,-0.979025,76.5
2020-06-22 11:15:16,156957,37.6015328,-0.979025,76.5
2020-06-22 11:15:16,156957,37.6015328,-0.979025,76.5
2020-06-22 11:15:16,156957,37.6015328,-0.979025,76.5
2020-06-22 11:15:16,156957,37.6015328,-0.979025,76.5
2020-06-22 11:15:16,156957,37.6015328,-0.979025,76.5
2020-06-22 11:15:16,156957,37.6015328,-0.979025,76.5
2020-06-22 11:15:16,156957,37.6015328,-0.979025,76.5
2020-06-22 11:15:16,156957,37.6015328,-0.979025,76.5
2020-06-22 11:15:16,156957,37.6015328,-0.979025,76.5
2020-06-22 11:15:16,156957,37.6015328,-0.979025,76.5
2020-06-22 11:15:16,156957,37.6015328,-0.979025,76.5
2020-06-22 11:15:16,156957,37.6015328,-0.979025,76.5
2020-06-22 11:15:16,156957,37.6015328,-0.979025,76.5
2020-06-22 11:15:16,156957,37.6015328,-0.979025,76.5
2020-06-22 11:15:16,156957,37.6015328,-0.979025,76.5
2020-06-22 11:15:16,156957,37.6015328,-0.979025,76.5
2020-06-22 11:15:16,156957,37.6015328,-0.979025,76.5
2020-06-22 11:15:16,156957,37.6015328,-0.979025,76.5
2020-06-22 11:15:16,156957,37.6015328,-0.979025,76.5
2020-06-22 11:15:16,156957,37.6015328,-0.979025,76.5
2020-06-22 11:15:16,156957,37.6015328,-0.979025,76.5
2020-06-22 11:15:16,156957,37.6015328,-0.979025,76.5
2020-06-22 11:15:16,156957,37.6015328,-0.979025,76.5
2020-06-22 11:15:16,156957,37.6015328,-0.979025,76.5
2020-06-22 11:15:16,156957,37.6015328,-0.979025,76.5
2020-06-22 11:15:16,156957,37.6015328,-0.979025,76.5
2020-06-22 11:15:16,156957,37.6015328,-0.979025,76.5
2020-06-22 11:15:16,156957,37.6015328,-0.979025,76.5
2020-06-22 11:15:16,156957,37.6015328,-0.979025,76.5
2020-06-22 11:15:16,156957,37.6015328,-0.979025,76.5
2020-06-22 11:15:16,156957,37.6015328,-0.979025,76.5
2020-06-22 11:15:16,156957,37.6015328,-0.979025,76.5
2020-06-22 11:15:16,156957,37.6015328,-0.979025,76.5
2020-06-22 11:15:16,156957,37.6015328,-0.979025,76.5
2020-06-22 11:15:16,156957,37.6015328,-0.979025,76.5
2020-06-22 11:15:16,156957,37.6015328,-0.979025,76.5
2020-06-22 11:15:16,156957,37.6015328,-0.979025,76.5
2020-06-22 11:15:16,156957,37.6015328,-0.979025,76.5
2020-06-22 11:15:16,156957,37.6015328,-0.979025,76.5
2020-06-22 11:15:16,156957,37.6015328,-0.979025,76.5
2020-06-22 11:15:16,156957,37.6015328,-0.979025,76.5
2020-06-22 11:15:16,156957,37.6015328,-0.979025,76.5
2020-06-22 11:15:16,156957,37.6015328,-0.979025,76.5
2020-06-22 11:15:16,156957,37.6015328,-0.979025,76.5
2020-06-22 11:15:16,156957,37.6015328,-0.979025,76.5
2020-06-22 11:15:16,156957,37.6015328,-0.979025,76.5
2020-06-22 11:15:16,156957,37.6015328,-0.979025,76.5
2020-06-22 11:15:16,156957,37.6015328,-0.979025,76.5
2020-06-22 11:15:16,156957,37.6015328,-0.979025,76.5
2020-06-22 11:15:16,156957,37.6015328,-0.979025,76.5
2020-06-22 11:15:16,156957,37.6015328,-0.979025,76.5
2020-06-22 11:15:16,156957,37.6015328,-0.979025,76.5
2020-06-22 11:15:16,156957,37.6015328,-0.979025,76.5
2020-06-22 11:15:16,156957,37.6015328,-0.979025,76.5
2020-06-22 11:15:16,156957,37.6015328,-0.979025,76.5
2020-06-22 11:15:16,156957,37.6015328,-0.979025,76.5
2020-06-22 11:15:16,156957,37.6015328,-0.979025,76.5
2020-06-22 11:15:16,156957,37.6015328,-0.979025,76.5
2020-06-22 11:15:16,156957,37.6015328,-0.979025,76.5
2020-06-22 11:15:16,156957,37.6015328,-0.979025,76.5
2020-06-22 11:15:16,156957,37.6015328,-0.979025,76.5
2020-06-22 11:15:16,156957,37.6015328,-0.979025,76.5
2020-06-22 11:15:16,156957,37.6015328,-0.979025,76.5
2020-06-22 11:15:16,156957,37.6015328,-0.979025,76.5
2020-06-22 11:15:16,156957,37.6015328,-0.979025,76.5
2020-06-22 11:15:16,156957,37.6015328,-0.979025,76.5
2020-06-22 11:15:16,156957,37.6015328,-0.979025,76.5
2020-06-22 11:15:16,156957,37.6015328,-0.979025,76.5
2020-06-22 11:15:16,156957,37.6015328,-0.979025,76.5
2020-06-22 11:15:16,156957,37.6015328,-0.979025,76.5
2020-06-22 11:15:16,156957,37.6015328,-0.979025,76.5
2020-06-22 11:15:16,156957,37.6015328,-0.979025,76.5
2020-06-22 11:15:16,156957,37.6015328,-0.979025,76.5
2020-06-22 11:15:16,156957,37.6015328,-0.979025,76.5
2020-06-22 11:15:16,156957,37.6015328,-0.979025,76.5
2020-06-22 11:15:16,156957,37.6015328,-0.979025,76.5
2020-06-22 11:15:16,156957,37.6015328,-0.979025,76.5
2020-06-22 11:15:16,156957,37.6015328,-0.979025,76.5
2020-06-22 11:15:16,156957,37.6015328,-0.979025,76.5
2020-06-22 11:15:16,156957,37.6015328,-0.979025,76.5
2020-06-22 11:15:16,156957,37.6015328,-0.979025,76.5
2020-06-22 11:15:16,156957,37.6015328,-0.979025,76.5
2020-06-22 11:15:16,156957,37.6015328,-0.979025,76.5
2020-06-22 11:15:16,156957,37.6015328,-0.979025,76.5
2020-06-22 11:15:16,156957,37.6015328,-0.979025,76.5
2020-06-22 11:15:16,156957,37.6015328,-0.979025,76.5
2020-06-22 11:15:16,156957,37.6015328,-0.979025,76.5
2020-06-22 11:15:16,156957,37.6015328,-0.979025,76.5
2020-06-22 11:15:16,156957,37.6015328,-0.979025,76.5
2020-06-22 11:15:16,156957,37.6015328,-0.979025,76.5
2020-06-22 11:15:16,156957,37.6015328,-0.979025,76.5
2020-06-22 11:15:16,156957,37.6015328,-0.979025,76.5
2020-06-22 11:15:16,156957,37.6015328,-0.979025,76.5
2020-06-22 11:15:16,156957,37.6015328,-0.979025,76.5
2020-06-22 11:15:16,156957,37.6015328,-0.979025,76.5
2020-06-22 11:15:16,156957,37.6015328,-0.979025,76.5
2020-06-22 11:15:16,156957,37.6015328,-0.979025,76.5
2020-06-22 11:15:16,156957,37.6015328,-0.979025,76.5
2020-06-22 11:15:16,156957,37.6015328,-0.979025,76.5
2020-06-22 11:15:16,156957,37.6015328,-0.979025,76.5
2020-06-22 11:15:16,156957,37.6015328,-0.979025,76.5
2020-06-22 11:15:16,156957,37.6015328,-0.979025,76.5
2020-06-22 11:15:16,156957,37.6015328,-0.979025,76.5
2020-06-22 11:15:16,156957,37.6015328,-0.979025,76.5
2020-06-22 11:15:16,156957,37.6015328,-0.979025,76.5
2020-06-22 11:15:16,156957,37.6015328,-0.979025,76.5
2020-06-22 11:15:16,156957,37.6015328,-0.979025,76.5
2020-06-22 11:15:16,156957,37.6015328,-0.979025,76.5
2020-06-22 11:15:16,156957,37.6015328,-0.979025,76.5
2020-06-22 11:15:16,156957,37.6015328,-0.979025,76.5
2020-06-22 11:15:16,156957,37.6015328,-0.979025,76.5
2020-06-22 11:15:16,156957,37.6015328,-0.979025,76.5
2020-06-22 11:15:16,156957,37.6015328,-0.979025,76.5
2020-06-22 11:15:16,156957,37.6015328,-0.979025,76.5
2020-06-22 11:15:16,156957,37.6015328,-0.979025,76.5
2020-06-22 11:15:16,156957,37.6015328,-0.979025,76.5
2020-06-22 11:15:16,156957,37.6015328,-0.979025,76.5
2020-06-22 11:15:16,156957,37.6015328,-0.979025,76.5
2020-06-22 11:15:16,156957,37.6015328,-0.979025,76.5
2020-06-22 11:15:16,156957,37.6015328,-0.979025,76.5
2020-06-22 11:15:16,156957,37.6015328,-0.979025,76.5
2020-06-22 11:15:16,156957,37.6015328,-0.979025,76.5
2020-06-22 11:15:16,156957,37.6015328,-0.979025,76.5
2020-06-22 11:15:16,156957,37.6015328,-0.979025,76.5
2020-06-22 11:15:16,156957,37.6015328,-0.979025,76.5
2020-06-22 11:15:16,156957,37.6015328,-0.979025,76.5
2020-06-22 11:15:16,156957,37.6015328,-0.979025,76.5
2020-06-22 11:15:16,156957,37.6015328,-0.979025,76.5
2020-06-22 11:15:16,156957,37.6015328,-0.979025,76.5
2020-06-22 11:15:16,156957,37.6015328,-0.979025,76.5
2020-06-22 11:15:16,156957,37.6015328,-0.979025,76.5
2020-06-22 11:15:16,156957,37.6015328,-0.979025,76.5
2020-06-22 11:15:16,156957,37.6015328,-0.979025,76.5
2020-06-22 11:15:16,156957,37.6015328,-0.979025,76.5
2020-06-22 11:15:16,156957,37.6015328,-0.979025,76.5
2020-06-22 11:15:16,156957,37.6015328,-0.979025,76.5
2020-06-22 11:15:16,156957,37.6015328,-0.979025,76.5
2020-06-22 11:15:16,156957,37.6015328,-0.979025,76.5
2020-06-22 11:15:16,156957,37.6015328,-0.979025,76.5
2020-06-22 11:15:16,156957,37.6015328,-0.979025,76.5
2020-06-22 11:15:16,156957,37.6015328,-0.979025,76.5
2020-06-22 11:15:16,156957,37.6015328,-0.979025,76.5
2020-06-22 11:15:16,156957,37.6015328,-0.979025,76.5
2020-06-22 11:15:16,156957,37.6015328,-0.979025,76.5
2020-06-22 11:15:16,156957,37.6015328,-0.979025,76.5
2020-06-22 11:15:16,156957,37.6015328,-0.979025,76.5
2020-06-22 11:15:16,156957,37.6015328,-0.979025,76.5
2020-06-22 11:15:16,156957,37.6015328,-0.979025,76.5
2020-06-22 11:15:16,156957,37.6015328,-0.979025,76.5
2020-06-22 11:15:16,156957,37.6015328,-0.979025,76.5
2020-06-22 11:15:16,156957,37.6015328,-0.979025,76.5
2020-06-22 11:15:16,156957,37.6015328,-0.979025,76.5
2020-06-22 11:15:16,156957,37.6015328,-0.979025,76.5
2020-06-22 11:15:16,156957,37.6015328,-0.979025,76.5
2020-06-22 11:15:16,156957,37.6015328,-0.979025,76.5
2020-06-22 11:15:16,156957,37.6015328,-0.979025,76.5
2020-06-22 11:15:16,156957,37.6015328,-0.979025,76.5
2020-06-22 11:15:16,156957,37.6015328,-0.979025,76.5
2020-06-22 11:15:16,156957,37.6015328,-0.979025,76.5
2020-06-22 11:15:16,156957,37.6015328,-0.979025,76.5
2020-06-22 11:15:16,156957,37.6015328,-0.979025,76.5
2020-06-22 11:15:16,156957,37.6015328,-0.979025,76.5
2020-06-22 11:15:16,156957,37.6015328,-0.979025,76.5
2020-06-22 11:15:16,156957,37.6015328,-0.979025,76.5
2020-06-22 11:15:16,156957,37.6015328,-0.979025,76.5
2020-06-22 11:15:16,156957,37.6015328,-0.979025,76.5
2020-06-22 11:15:16,156957,37.6015328,-0.979025,76.5
2020-06-22 11:15:16,156957,37.6015328,-0.979025,76.5
2020-06-22 11:15:16,156957,37.6015328,-0.979025,76.5
2020-06-22 11:15:16,156957,37.6015328,-0.979025,76.5
2020-06-22 11:15:16,156957,37.6015328,-0.979025,76.5
2020-06-22 11:15:16,156957,37.6015328,-0.979025,76.5
2020-06-22 11:15:16,156957,37.6015328,-0.979025,76.5
2020-06-22 11:15:16,156957,37.6015328,-0.979025,76.5
2020-06-22 11:15:16,156957,37.6015328,-0.979025,76.5
2020-06-22 11:15:16,156957,37.6015328,-0.979025,76.5
2020-06-22 11:15:16,156957,37.6015328,-0.979025,76.5
2020-06-22 11:15:16,156957,37.6015328,-0.979025,76.5
2020-06-22 11:15:16,156957,37.6015328,-0.979025,76.5
2020-06-22 11:15:16,156957,37.6015328,-0.979025,76.5
2020-06-22 11:15:16,156957,37.6015328,-0.979025,76.5
2020-06-22 11:15:16,156957,37.6015328,-0.979025,76.5
2020-06-22 11:15:16,156957,37.6015328,-0.979025,76.5
2020-06-22 11:15:16,156957,37.6015328,-0.979025,76.5
2020-06-22 11:15:16,156957,37.6015328,-0.979025,76.5
2020-06-22 11:15:16,156957,37.6015328,-0.979025,76.5
2020-06-22 11:15:16,156957,37.6015328,-0.979025,76.5
2020-06-22 11:15:16,156957,37.6015328,-0.979025,76.5
2020-06-22 11:15:16,156957,37.6015328,-0.979025,76.5
2020-06-22 11:15:16,156957,37.6015328,-0.979025,76.5
2020-06-22 11:15:16,156957,37.6015328,-0.979025,76.5
2020-06-22 11:15:16,156957,37.6015328,-0.979025,76.5
2020-06-22 11:15:16,156957,37.6015328,-0.979025,76.5
2020-06-22 11:15:16,156957,37.6015328,-0.979025,76.5
2020-06-22 11:15:16,156957,37.6015328,-0.979025,76.5
2020-06-22 11:15:16,156957,37.6015328,-0.979025,76.5
2020-06-22 11:15:16,156957,37.6015328,-0.979025,76.5
2020-06-22 11:15:16,156958,37.6015328,-0.979025,76.5
2020-06-22 11:15:16,156958,37.6015328,-0.979025,76.5
2020-06-22 11:15:16,156958,37.6015328,-0.979025,76.5
2020-06-22 11:15:16,156958,37.6015328,-0.979025,76.5
2020-06-22 11:15:16,156958,37.6015328,-0.979025,76.5
2020-06-22 11:15:16,156958,37.6015328,-0.979025,76.5
2020-06-22 11:15:16,156958,37.6015328,-0.979025,76.5
2020-06-22 11:15:16,156958,37.6015328,-0.979025,76.5
2020-06-22 11:15:16,156958,37.6015328,-0.979025,76.5
2020-06-22 11:15:16,156958,37.6015328,-0.979025,76.5
2020-06-22 11:15:16,156958,37.6015328,-0.979025,76.5
2020-06-22 11:15:16,156958,37.6015328,-0.979025,76.5
2020-06-22 11:15:16,156958,37.6015328,-0.979025,76.5
2020-06-22 11:15:16,156958,37.6015328,-0.979025,76.5
2020-06-22 11:15:16,156958,37.6015328,-0.979025,76.5
2020-06-22 11:15:16,156958,37.6015328,-0.979025,76.5
2020-06-22 11:15:16,156958,37.6015328,-0.979025,76.5
2020-06-22 11:15:16,156958,37.6015328,-0.979025,76.5
2020-06-22 11:15:16,156958,37.6015328,-0.979025,76.5
2020-06-22 11:15:16,156958,37.6015328,-0.979025,76.5
2020-06-22 11:15:16,156958,37.6015328,-0.979025,76.5
2020-06-22 11:15:16,156958,37.6015328,-0.979025,76.5
2020-06-22 11:15:16,156958,37.6015328,-0.979025,76.5
2020-06-22 11:15:16,156958,37.6015328,-0.979025,76.5
2020-06-22 11:15:16,156958,37.6015328,-0.979025,76.5
2020-06-22 11:15:16,156958,37.6015328,-0.979025,76.5
2020-06-22 11:15:16,156958,37.6015328,-0.979025,76.5
2020-06-22 11:15:16,156958,37.6015328,-0.979025,76.5
2020-06-22 11:15:16,156958,37.6015328,-0.979025,76.5
2020-06-22 11:15:16,156958,37.6015328,-0.979025,76.5
2020-06-22 11:15:16,156958,37.6015328,-0.979025,76.5
2020-06-22 11:15:16,156958,37.6015328,-0.979025,76.5
2020-06-22 11:15:16,156958,37.6015328,-0.979025,76.5
2020-06-22 11:15:16,156958,37.6015328,-0.979025,76.5
2020-06-22 11:15:16,156958,37.6015328,-0.979025,76.5
2020-06-22 11:15:16,156958,37.6015328,-0.979025,76.5
2020-06-22 11:15:16,156958,37.6015328,-0.979025,76.5
2020-06-22 11:15:16,156958,37.6015328,-0.979025,76.5
2020-06-22 11:15:16,156958,37.6015328,-0.979025,76.5
2020-06-22 11:15:16,156958,37.6015328,-0.979025,76.5
2020-06-22 11:15:16,156958,37.6015328,-0.979025,76.5
2020-06-22 11:15:16,156958,37.6015328,-0.979025,76.5
2020-06-22 11:15:16,156958,37.6015328,-0.979025,76.5
2020-06-22 11:15:16,156958,37.6015328,-0.979025,76.5
2020-06-22 11:15:16,156958,37.6015328,-0.979025,76.5
2020-06-22 11:15:16,156958,37.6015328,-0.979025,76.5
2020-06-22 11:15:16,156958,37.6015328,-0.979025,76.5
2020-06-22 11:15:16,156958,37.6015328,-0.979025,76.5
2020-06-22 11:15:16,156958,37.6015328,-0.979025,76.5
2020-06-22 11:15:16,156958,37.6015328,-0.979025,76.5
2020-06-22 11:15:16,156958,37.6015328,-0.979025,76.5
2020-06-22 11:15:16,156958,37.6015328,-0.979025,76.5
2020-06-22 11:15:16,156958,37.6015328,-0.979025,76.5
2020-06-22 11:15:16,156958,37.6015328,-0.979025,76.5
2020-06-22 11:15:16,156958,37.6015328,-0.979025,76.5
2020-06-22 11:15:16,156958,37.6015328,-0.979025,76.5
2020-06-22 11:15:16,156958,37.6015328,-0.979025,76.5
2020-06-22 11:15:16,156958,37.6015328,-0.979025,76.5
2020-06-22 11:15:16,156958,37.6015328,-0.979025,76.5
2020-06-22 11:15:16,156958,37.6015328,-0.979025,76.5
2020-06-22 11:15:16,156958,37.6015328,-0.979025,76.5
2020-06-22 11:15:16,156958,37.6015328,-0.979025,76.5
2020-06-22 11:15:16,156958,37.6015328,-0.979025,76.5
2020-06-22 11:15:16,156958,37.6015328,-0.979025,76.5
2020-06-22 11:15:16,156958,37.6015328,-0.979025,76.5
2020-06-22 11:15:16,156958,37.6015328,-0.979025,76.5
2020-06-22 11:15:16,156958,37.6015328,-0.979025,76.5
2020-06-22 11:15:16,156958,37.6015328,-0.979025,76.5
2020-06-22 11:15:16,156958,37.6015328,-0.979025,76.5
2020-06-22 11:15:16,156958,37.6015328,-0.979025,76.5
2020-06-22 11:15:16,156958,37.6015328,-0.979025,76.5
2020-06-22 11:15:16,156958,37.6015328,-0.979025,76.5
2020-06-22 11:15:16,156958,37.6015328,-0.979025,76.5
2020-06-22 11:15:16,156958,37.6015328,-0.979025,76.5
2020-06-22 11:15:16,156958,37.6015328,-0.979025,76.5
2020-06-22 11:15:16,156958,37.6015328,-0.979025,76.5
2020-06-22 11:15:16,156958,37.6015328,-0.979025,76.5
2020-06-22 11:15:16,156958,37.6015328,-0.979025,76.5
2020-06-22 11:15:16,156958,37.6015328,-0.979025,76.5
2020-06-22 11:15:16,156958,37.6015328,-0.979025,76.5
2020-06-22 11:15:16,156959,37.6015328,-0.979025,76.5
2020-06-22 11:15:16,156959,37.6015328,-0.979025,76.5
2020-06-22 11:15:16,156959,37.6015328,-0.979025,76.5
2020-06-22 11:15:16,156959,37.6015328,-0.979025,76.5
2020-06-22 11:15:16,156959,37.6015328,-0.979025,76.5
2020-06-22 11:15:16,156959,37.6015328,-0.979025,76.5
2020-06-22 11:15:16,156959,37.6015328,-0.979025,76.5
2020-06-22 11:15:16,156959,37.6015328,-0.979025,76.5
2020-06-22 11:15:16,156959,37.6015328,-0.979025,76.5
2020-06-22 11:15:16,156959,37.6015328,-0.979025,76.5
2020-06-22 11:15:16,156959,37.6015328,-0.979025,76.5
2020-06-22 11:15:16,156959,37.6015328,-0.979025,76.5
2020-06-22 11:15:16,156959,37.6015328,-0.979025,76.5
2020-06-22 11:15:16,156959,37.6015328,-0.979025,76.5
2020-06-22 11:15:16,156959,37.6015328,-0.979025,76.5
2020-06-22 11:15:16,156959,37.6015328,-0.979025,76.5
2020-06-22 11:15:16,156959,37.6015328,-0.979025,76.5
2020-06-22 11:15:16,156959,37.6015328,-0.979025,76.5
2020-06-22 11:15:16,156959,37.6015328,-0.979025,76.5
2020-06-22 11:15:16,156959,37.6015328,-0.979025,76.5
2020-06-22 11:15:16,156959,37.6015328,-0.979025,76.5
2020-06-22 11:15:16,156959,37.6015328,-0.979025,76.5
2020-06-22 11:15:16,156959,37.6015328,-0.979025,76.5
2020-06-22 11:15:16,156959,37.6015328,-0.979025,76.5
2020-06-22 11:15:16,156959,37.6015328,-0.979025,76.5
2020-06-22 11:15:16,156959,37.6015328,-0.979025,76.5
2020-06-22 11:15:16,156959,37.6015328,-0.979025,76.5
2020-06-22 11:15:16,156959,37.6015328,-0.979025,76.5
2020-06-22 11:15:16,156959,37.6015328,-0.979025,76.5
2020-06-22 11:15:16,156959,37.6015328,-0.979025,76.5
2020-06-22 11:15:16,156959,37.6015328,-0.979025,76.5
2020-06-22 11:15:16,156959,37.6015328,-0.979025,76.5
2020-06-22 11:15:16,156959,37.6015328,-0.979025,76.5
2020-06-22 11:15:16,156959,37.6015328,-0.979025,76.5
2020-06-22 11:15:16,156959,37.6015328,-0.979025,76.5
2020-06-22 11:15:16,156959,37.6015328,-0.979025,76.5
2020-06-22 11:15:16,156959,37.6015328,-0.979025,76.5
2020-06-22 11:15:16,156959,37.6015328,-0.979025,76.5
2020-06-22 11:15:16,156959,37.6015328,-0.979025,76.5
2020-06-22 11:15:16,156959,37.6015328,-0.979025,76.5
2020-06-22 11:15:16,156959,37.6015328,-0.979025,76.5
2020-06-22 11:15:16,156959,37.6015328,-0.979025,76.5
2020-06-22 11:15:16,156959,37.6015328,-0.979025,76.5
2020-06-22 11:15:16,156959,37.6015328,-0.979025,76.5
2020-06-22 11:15:16,156959,37.6015328,-0.979025,76.5
2020-06-22 11:15:16,156959,37.6015328,-0.979025,76.5
2020-06-22 11:15:16,156959,37.6015328,-0.979025,76.5
2020-06-22 11:15:16,156959,37.6015328,-0.979025,76.5
2020-06-22 11:15:16,156959,37.6015328,-0.979025,76.5
2020-06-22 11:15:16,156959,37.6015328,-0.979025,76.5
2020-06-22 11:15:16,156959,37.6015328,-0.979025,76.5
2020-06-22 11:15:16,156959,37.6015328,-0.979025,76.5
2020-06-22 11:15:16,156959,37.6015328,-0.979025,76.5
2020-06-22 11:15:16,156959,37.6015328,-0.979025,76.5
2020-06-22 11:15:16,156959,37.6015328,-0.979025,76.5
2020-06-22 11:15:16,156959,37.6015328,-0.979025,76.5
2020-06-22 11:15:16,156959,37.6015328,-0.979025,76.5
2020-06-22 11:15:16,156959,37.6015328,-0.979025,76.5
2020-06-22 11:15:16,156959,37.6015328,-0.979025,76.5
2020-06-22 11:15:16,156959,37.6015328,-0.979025,76.5
2020-06-22 11:15:16,156959,37.6015328,-0.979025,76.5
2020-06-22 11:15:16,156959,37.6015328,-0.979025,76.5
2020-06-22 11:15:16,156959,37.6015328,-0.979025,76.5
2020-06-22 11:15:16,156959,37.6015328,-0.979025,76.5
2020-06-22 11:15:16,156959,37.6015328,-0.979025,76.5
2020-06-22 11:15:16,156959,37.6015328,-0.979025,76.5
2020-06-22 11:15:16,156959,37.6015328,-0.979025,76.5
2020-06-22 11:15:16,156959,37.6015328,-0.979025,76.5
2020-06-22 11:15:16,156959,37.6015328,-0.979025,76.5
2020-06-22 11:15:16,156959,37.6015328,-0.979025,76.5
2020-06-22 11:15:16,156959,37.6015328,-0.979025,76.5
2020-06-22 11:15:16,156959,37.6015328,-0.979025,76.5
2020-06-22 11:15:16,156959,37.6015328,-0.979025,76.5
2020-06-22 11:15:16,156959,37.6015328,-0.979025,76.5
2020-06-22 11:15:16,156959,37.6015328,-0.979025,76.5
2020-06-22 11:15:16,156959,37.6015328,-0.979025,76.5
2020-06-22 11:15:16,156959,37.6015328,-0.979025,76.5
2020-06-22 11:15:16,156959,37.6015328,-0.979025,76.5
2020-06-22 11:15:16,156959,37.6015328,-0.979025,76.5
2020-06-22 11:15:16,156959,37.6015328,-0.979025,76.5
2020-06-22 11:15:16,156959,37.6015328,-0.979025,76.5
2020-06-22 11:15:16,156959,37.6015328,-0.979025,76.5
2020-06-22 11:15:16,156959,37.6015328,-0.979025,76.5
2020-06-22 11:15:16,156959,37.6015328,-0.979025,76.5
2020-06-22 11:15:16,156959,37.6015328,-0.979025,76.5
2020-06-22 11:15:16,156959,37.6015328,-0.979025,76.5
2020-06-22 11:15:16,156959,37.6015328,-0.979025,76.5
2020-06-22 11:15:16,156959,37.6015328,-0.979025,76.5
2020-06-22 11:15:16,156959,37.6015328,-0.979025,76.5
2020-06-22 11:15:16,156959,37.6015328,-0.979025,76.5
2020-06-22 11:15:16,156959,37.6015328,-0.979025,76.5
2020-06-22 11:15:16,156959,37.6015328,-0.979025,76.5
2020-06-22 11:15:16,156959,37.6015328,-0.979025,76.5
2020-06-22 11:15:16,156959,37.6015328,-0.979025,76.5
2020-06-22 11:15:16,156959,37.6015328,-0.979025,76.5
2020-06-22 11:15:16,156959,37.6015328,-0.979025,76.5
2020-06-22 11:15:16,156959,37.6015328,-0.979025,76.5
2020-06-22 11:15:16,156959,37.6015328,-0.979025,76.5
2020-06-22 11:15:16,156959,37.6015328,-0.979025,76.5
2020-06-22 11:15:16,156959,37.6015328,-0.979025,76.5
2020-06-22 11:15:16,156959,37.6015328,-0.979025,76.5
2020-06-22 11:15:16,156959,37.6015328,-0.979025,76.5
2020-06-22 11:15:16,156959,37.6015328,-0.979025,76.5
2020-06-22 11:15:16,156959,37.6015328,-0.979025,76.5
2020-06-22 11:15:16,156959,37.6015328,-0.979025,76.5
2020-06-22 11:15:16,156959,37.6015328,-0.979025,76.5
2020-06-22 11:15:16,156959,37.6015328,-0.979025,76.5
2020-06-22 11:15:16,156959,37.6015328,-0.979025,76.5
2020-06-22 11:15:16,156959,37.6015328,-0.979025,76.5
2020-06-22 11:15:16,156959,37.6015328,-0.979025,76.5
2020-06-22 11:15:16,156959,37.6015328,-0.979025,76.5
2020-06-22 11:15:16,156959,37.6015328,-0.979025,76.5
2020-06-22 11:15:16,156959,37.6015328,-0.979025,76.5
2020-06-22 11:15:16,156959,37.6015328,-0.979025,76.5
2020-06-22 11:15:16,156959,37.6015328,-0.979025,76.5
2020-06-22 11:15:16,156959,37.6015328,-0.979025,76.5
2020-06-22 11:15:16,156959,37.6015328,-0.979025,76.5
2020-06-22 11:15:16,156959,37.6015328,-0.979025,76.5
2020-06-22 11:15:16,156959,37.6015328,-0.979025,76.5
2020-06-22 11:15:16,156959,37.6015328,-0.979025,76.5
2020-06-22 11:15:16,156959,37.6015328,-0.979025,76.5
2020-06-22 11:15:16,156959,37.6015328,-0.979025,76.5
2020-06-22 11:15:16,156959,37.6015328,-0.979025,76.5
2020-06-22 11:15:16,156959,37.6015328,-0.979025,76.5
2020-06-22 11:15:16,156959,37.6015328,-0.979025,76.5
2020-06-22 11:15:16,156959,37.6015328,-0.979025,76.5
2020-06-22 11:15:16,156959,37.6015328,-0.979025,76.5
2020-06-22 11:15:16,156959,37.6015328,-0.979025,76.5
2020-06-22 11:15:16,156959,37.6015328,-0.979025,76.5
2020-06-22 11:15:16,156959,37.6015328,-0.979025,76.5
2020-06-22 11:15:16,156959,37.6015328,-0.979025,76.5
2020-06-22 11:15:16,156959,37.6015328,-0.979025,76.5
2020-06-22 11:15:16,156959,37.6015328,-0.979025,76.5
2020-06-22 11:15:16,156959,37.6015328,-0.979025,76.5
2020-06-22 11:15:16,156959,37.6015328,-0.979025,76.5
2020-06-22 11:15:16,156959,37.6015328,-0.979025,76.5
2020-06-22 11:15:16,156959,37.6015328,-0.979025,76.5
2020-06-22 11:15:16,156959,37.6015328,-0.979025,76.5
2020-06-22 11:15:16,156959,37.6015328,-0.979025,76.5
2020-06-22 11:15:16,156959,37.6015328,-0.979025,76.5
2020-06-22 11:15:16,156959,37.6015328,-0.979025,76.5
2020-06-22 11:15:16,156959,37.6015328,-0.979025,76.5
2020-06-22 11:15:16,156959,37.6015328,-0.979025,76.5
2020-06-22 11:15:16,156959,37.6015328,-0.979025,76.5
2020-06-22 11:15:16,156959,37.6015328,-0.979025,76.5
2020-06-22 11:15:16,156959,37.6015328,-0.979025,76.5
2020-06-22 11:15:16,156959,37.6015328,-0.979025,76.5
2020-06-22 11:15:16,156959,37.6015328,-0.979025,76.5
2020-06-22 11:15:16,156959,37.6015328,-0.979025,76.5
2020-06-22 11:15:16,156959,37.6015328,-0.979025,76.5
2020-06-22 11:15:16,156959,37.6015328,-0.979025,76.5
2020-06-22 11:15:16,156959,37.6015328,-0.979025,76.5
2020-06-22 11:15:16,156959,37.6015328,-0.979025,76.5
2020-06-22 11:15:16,156959,37.6015328,-0.979025,76.5
2020-06-22 11:15:16,156959,37.6015328,-0.979025,76.5
2020-06-22 11:15:16,156959,37.6015328,-0.979025,76.5
2020-06-22 11:15:16,156959,37.6015328,-0.979025,76.5
2020-06-22 11:15:16,156959,37.6015328,-0.979025,76.5
2020-06-22 11:15:16,156959,37.6015328,-0.979025,76.5
2020-06-22 11:15:16,156959,37.6015328,-0.979025,76.5
2020-06-22 11:15:16,156959,37.6015328,-0.979025,76.5
2020-06-22 11:15:16,156959,37.6015328,-0.979025,76.5
2020-06-22 11:15:16,156959,37.6015328,-0.979025,76.5
2020-06-22 11:15:16,156959,37.6015328,-0.979025,76.5
2020-06-22 11:15:16,156959,37.6015328,-0.979025,76.5
2020-06-22 11:15:16,156959,37.6015328,-0.979025,76.5
2020-06-22 11:15:16,156959,37.6015328,-0.979025,76.5
2020-06-22 11:15:16,156959,37.6015328,-0.979025,76.5
2020-06-22 11:15:16,156959,37.6015328,-0.979025,76.5
2020-06-22 11:15:16,156959,37.6015328,-0.979025,76.5
2020-06-22 11:15:16,156959,37.6015328,-0.979025,76.5
2020-06-22 11:15:16,156959,37.6015328,-0.979025,76.5
2020-06-22 11:15:16,156959,37.6015328,-0.979025,76.5
2020-06-22 11:15:16,156959,37.6015328,-0.979025,76.5
2020-06-22 11:15:16,156959,37.6015328,-0.979025,76.5
2020-06-22 11:15:16,156959,37.6015328,-0.979025,76.5
2020-06-22 11:15:16,156959,37.6015328,-0.979025,76.5
2020-06-22 11:15:16,156959,37.6015328,-0.979025,76.5
2020-06-22 11:15:16,156959,37.6015328,-0.979025,76.5
2020-06-22 11:15:16,156959,37.6015328,-0.979025,76.5
2020-06-22 11:15:16,156959,37.6015328,-0.979025,76.5
2020-06-22 11:15:16,156959,37.6015328,-0.979025,76.5
2020-06-22 11:15:16,156959,37.6015328,-0.979025,76.5
2020-06-22 11:15:16,156959,37.6015328,-0.979025,76.5
2020-06-22 11:15:16,156959,37.6015328,-0.979025,76.5
2020-06-22 11:15:16,156959,37.6015328,-0.979025,76.5
2020-06-22 11:15:16,156959,37.6015328,-0.979025,76.5
2020-06-22 11:15:16,156959,37.6015328,-0.979025,76.5
2020-06-22 11:15:16,156959,37.6015328,-0.979025,76.5
2020-06-22 11:15:16,156959,37.6015328,-0.979025,76.5
2020-06-22 11:15:16,156959,37.6015328,-0.979025,76.5
2020-06-22 11:15:16,156959,37.6015328,-0.979025,76.5
2020-06-22 11:15:16,156959,37.6015328,-0.979025,76.5
2020-06-22 11:15:16,156959,37.6015328,-0.979025,76.5
2020-06-22 11:15:16,156959,37.6015328,-0.979025,76.5
2020-06-22 11:15:16,156959,37.6015328,-0.979025,76.5
2020-06-22 11:15:16,156959,37.6015328,-0.979025,76.5
2020-06-22 11:15:16,156959,37.6015328,-0.979025,76.5
2020-06-22 11:15:16,156959,37.6015328,-0.979025,76.5
2020-06-22 11:15:16,156959,37.6015328,-0.979025,76.5
2020-06-22 11:15:16,156959,37.6015328,-0.979025,76.5
2020-06-22 11:15:16,156959,37.6015328,-0.979025,76.5
2020-06-22 11:15:16,156959,37.6015328,-0.979025,76.5
2020-06-22 11:15:16,156959,37.6015328,-0.979025,76.5
2020-06-22 11:15:16,156959,37.6015328,-0.979025,76.5
2020-06-22 11:15:16,156959,37.6015328,-0.979025,76.5
2020-06-22 11:15:16,156959,37.6015328,-0.979025,76.5
2020-06-22 11:15:16,156959,37.6015328,-0.979025,76.5
2020-06-22 11:15:16,156959,37.6015328,-0.979025,76.5
2020-06-22 11:15:16,156959,37.6015328,-0.979025,76.5
2020-06-22 11:15:16,156959,37.6015328,-0.979025,76.5
2020-06-22 11:15:16,156959,37.6015328,-0.979025,76.5
2020-06-22 11:15:16,156959,37.6015328,-0.979025,76.5
2020-06-22 11:15:16,156959,37.6015328,-0.979025,76.5
2020-06-22 11:15:16,156959,37.6015328,-0.979025,76.5
2020-06-22 11:15:16,156959,37.6015328,-0.979025,76.5
2020-06-22 11:15:16,156959,37.6015328,-0.979025,76.5
2020-06-22 11:15:16,156959,37.6015328,-0.979025,76.5
2020-06-22 11:15:16,156959,37.6015328,-0.979025,76.5
2020-06-22 11:15:16,156959,37.6015328,-0.979025,76.5
2020-06-22 11:15:16,156959,37.6015328,-0.979025,76.5
2020-06-22 11:15:16,156959,37.6015328,-0.979025,76.5
2020-06-22 11:15:16,156959,37.6015328,-0.979025,76.5
2020-06-22 11:15:16,156959,37.6015328,-0.979025,76.5
2020-06-22 11:15:16,156959,37.6015328,-0.979025,76.5
2020-06-22 11:15:16,156959,37.6015328,-0.979025,76.5
2020-06-22 11:15:16,156959,37.6015328,-0.979025,76.5
2020-06-22 11:15:16,156959,37.6015328,-0.979025,76.5
2020-06-22 11:15:16,156959,37.6015328,-0.979025,76.5
2020-06-22 11:15:16,156959,37.6015328,-0.979025,76.5
2020-06-22 11:15:16,156959,37.6015328,-0.979025,76.5
2020-06-22 11:15:16,156959,37.6015328,-0.979025,76.5
2020-06-22 11:15:16,156959,37.6015328,-0.979025,76.5
2020-06-22 11:15:16,156959,37.6015328,-0.979025,76.5
2020-06-22 11:15:16,156959,37.6015328,-0.979025,76.5
2020-06-22 11:15:16,156959,37.6015328,-0.979025,76.5
2020-06-22 11:15:16,156959,37.6015328,-0.979025,76.5
2020-06-22 11:15:16,156959,37.6015328,-0.979025,76.5
2020-06-22 11:15:16,156959,37.6015328,-0.979025,76.5
2020-06-22 11:15:16,156959,37.6015328,-0.979025,76.5
2020-06-22 11:15:16,156959,37.6015328,-0.979025,76.5
2020-06-22 11:15:16,156959,37.6015328,-0.979025,76.5
2020-06-22 11:15:16,156959,37.6015328,-0.979025,76.5
2020-06-22 11:15:16,156960,37.6015328,-0.979025,76.5
2020-06-22 11:15:16,156960,37.6015328,-0.979025,76.5
2020-06-22 11:15:16,156960,37.6015328,-0.979025,76.5
2020-06-22 11:15:16,156960,37.6015328,-0.979025,76.5
2020-06-22 11:15:16,156960,37.6015328,-0.979025,76.5
2020-06-22 11:15:16,156960,37.6015328,-0.979025,76.5
2020-06-22 11:15:16,156960,37.6015328,-0.979025,76.5
2020-06-22 11:15:16,156960,37.6015328,-0.979025,76.5
2020-06-22 11:15:16,156960,37.6015328,-0.979025,76.5
2020-06-22 11:15:16,156960,37.6015328,-0.979025,76.5
2020-06-22 11:15:16,156960,37.6015328,-0.979025,76.5
2020-06-22 11:15:16,156960,37.6015328,-0.979025,76.5
2020-06-22 11:15:16,156960,37.6015328,-0.979025,76.5
2020-06-22 11:15:16,156960,37.6015328,-0.979025,76.5
2020-06-22 11:15:16,156960,37.6015328,-0.979025,76.5
2020-06-22 11:15:16,156960,37.6015328,-0.979025,76.5
2020-06-22 11:15:16,156960,37.6015328,-0.979025,76.5
2020-06-22 11:15:16,156960,37.6015328,-0.979025,76.5
2020-06-22 11:15:16,156960,37.6015328,-0.979025,76.5
2020-06-22 11:15:16,156960,37.6015328,-0.979025,76.5
2020-06-22 11:15:16,156960,37.6015328,-0.979025,76.5
2020-06-22 11:15:16,156960,37.6015328,-0.979025,76.5
2020-06-22 11:15:16,156960,37.6015328,-0.979025,76.5
2020-06-22 11:15:16,156960,37.6015328,-0.979025,76.5
2020-06-22 11:15:16,156960,37.6015328,-0.979025,76.5
2020-06-22 11:15:16,156960,37.6015328,-0.979025,76.5
2020-06-22 11:15:16,156960,37.6015328,-0.979025,76.5
2020-06-22 11:15:16,156960,37.6015328,-0.979025,76.5
2020-06-22 11:15:16,156960,37.6015328,-0.979025,76.5
2020-06-22 11:15:16,156960,37.6015328,-0.979025,76.5
2020-06-22 11:15:16,156960,37.6015328,-0.979025,76.5
2020-06-22 11:15:16,156960,37.6015328,-0.979025,76.5
2020-06-22 11:15:16,156960,37.6015328,-0.979025,76.5
2020-06-22 11:15:16,156960,37.6015328,-0.979025,76.5
2020-06-22 11:15:16,156960,37.6015328,-0.979025,76.5
2020-06-22 11:15:16,156960,37.6015328,-0.979025,76.5
2020-06-22 11:15:16,156960,37.6015328,-0.979025,76.5
2020-06-22 11:15:16,156960,37.6015328,-0.979025,76.5
2020-06-22 11:15:16,156960,37.6015328,-0.979025,76.5
2020-06-22 11:15:16,156960,37.6015328,-0.979025,76.5
2020-06-22 11:15:16,156960,37.6015328,-0.979025,76.5
2020-06-22 11:15:16,156960,37.6015328,-0.979025,76.5
2020-06-22 11:15:16,156960,37.6015328,-0.979025,76.5
2020-06-22 11:15:16,156960,37.6015328,-0.979025,76.5
2020-06-22 11:15:16,156960,37.6015328,-0.979025,76.5
2020-06-22 11:15:16,156960,37.6015328,-0.979025,76.5
2020-06-22 11:15:16,156960,37.6015328,-0.979025,76.5
2020-06-22 11:15:16,157001,37.6015328,-0.979025,76.5
2020-06-22 11:15:16,157101,37.6015328,-0.979025,76.5
2020-06-22 11:15:16,157201,37.6015328,-0.979025,76.5
2020-06-22 11:15:17,157301,37.6015328,-0.979025,76.5
2020-06-22 11:15:17,157401,37.6015328,-0.979025,76.5
2020-06-22 11:15:17,157501,37.6015328,-0.979025,76.5
2020-06-22 11:15:17,157601,37.6015328,-0.979025,76.5
2020-06-22 11:15:17,157701,37.6015328,-0.979025,76.5
2020-06-22 11:15:17,157801,37.6015328,-0.979025,76.5
2020-06-22 11:15:17,157902,37.6015328,-0.979025,76.5
2020-06-22 11:15:17,158001,37.6015328,-0.979025,76.5
2020-06-22 11:15:17,158101,37.6015328,-0.979025,76.5
2020-06-22 11:15:17,158201,37.6015328,-0.979025,76.5
2020-06-22 11:15:18,158301,37.6015328,-0.979025,76.5
2020-06-22 11:15:18,158401,37.6015328,-0.979025,76.5
2020-06-22 11:15:18,158501,37.6015328,-0.979025,76.5
2020-06-22 11:15:18,158602,37.6015328,-0.979025,76.5
2020-06-22 11:15:18,158701,37.6015328,-0.979025,76.5
2020-06-22 11:15:18,158801,37.6015328,-0.979025,76.5
2020-06-22 11:15:18,158901,37.6015328,-0.979025,76.5
2020-06-22 11:15:22,162932,37.6015328,-0.979025,76.5
2020-06-22 11:15:22,162932,37.6015328,-0.979025,76.5
2020-06-22 11:15:22,162932,37.6015328,-0.979025,76.5
2020-06-22 11:15:22,162932,37.6015328,-0.979025,76.5
2020-06-22 11:15:22,162932,37.6015328,-0.979025,76.5
2020-06-22 11:15:22,162932,37.6015328,-0.979025,76.5
2020-06-22 11:15:22,162932,37.6015328,-0.979025,76.5
2020-06-22 11:15:22,162932,37.6015328,-0.979025,76.5
2020-06-22 11:15:22,162932,37.6015328,-0.979025,76.5
2020-06-22 11:15:22,162932,37.6015328,-0.979025,76.5
2020-06-22 11:15:22,162932,37.6015328,-0.979025,76.5
2020-06-22 11:15:22,162932,37.6015328,-0.979025,76.5
2020-06-22 11:15:22,162932,37.6015328,-0.979025,76.5
2020-06-22 11:15:22,162932,37.6015328,-0.979025,76.5
2020-06-22 11:15:22,162932,37.6015328,-0.979025,76.5
2020-06-22 11:15:22,162932,37.6015328,-0.979025,76.5
2020-06-22 11:15:22,162932,37.6015328,-0.979025,76.5
2020-06-22 11:15:22,162932,37.6015328,-0.979025,76.5
2020-06-22 11:15:22,162932,37.6015328,-0.979025,76.5
2020-06-22 11:15:22,162932,37.6015328,-0.979025,76.5
2020-06-22 11:15:22,162932,37.6015328,-0.979025,76.5
2020-06-22 11:15:22,162932,37.6015328,-0.979025,76.5
2020-06-22 11:15:22,162932,37.6015328,-0.979025,76.5
2020-06-22 11:15:22,162932,37.6015328,-0.979025,76.5
2020-06-22 11:15:22,162932,37.6015328,-0.979025,76.5
2020-06-22 11:15:22,162932,37.6015328,-0.979025,76.5
2020-06-22 11:15:22,162932,37.6015328,-0.979025,76.5
2020-06-22 11:15:22,162932,37.6015328,-0.979025,76.5
2020-06-22 11:15:22,162932,37.6015328,-0.979025,76.5
2020-06-22 11:15:22,162932,37.6015328,-0.979025,76.5
2020-06-22 11:15:22,162932,37.6015328,-0.979025,76.5
2020-06-22 11:15:22,162932,37.6015328,-0.979025,76.5
2020-06-22 11:15:22,162932,37.6015328,-0.979025,76.5
2020-06-22 11:15:22,162932,37.6015328,-0.979025,76.5
2020-06-22 11:15:22,162932,37.6015328,-0.979025,76.5
2020-06-22 11:15:22,162932,37.6015328,-0.979025,76.5
2020-06-22 11:15:22,162932,37.6015328,-0.979025,76.5
2020-06-22 11:15:22,162932,37.6015328,-0.979025,76.5
2020-06-22 11:15:22,162932,37.6015328,-0.979025,76.5
2020-06-22 11:15:22,162932,37.6015328,-0.979025,76.5
2020-06-22 11:15:22,163002,37.6015328,-0.979025,76.5
2020-06-22 11:15:30,170245,37.6015328,-0.979025,76.5
2020-06-22 11:15:30,170245,37.6015328,-0.979025,76.5
2020-06-22 11:15:30,170245,37.6015328,-0.979025,76.5
2020-06-22 11:15:30,170245,37.6015328,-0.979025,76.5
2020-06-22 11:15:30,170245,37.6015328,-0.979025,76.5
2020-06-22 11:15:30,170245,37.6015328,-0.979025,76.5
2020-06-22 11:15:30,170245,37.6015328,-0.979025,76.5
2020-06-22 11:15:30,170245,37.6015328,-0.979025,76.5
2020-06-22 11:15:30,170245,37.6015328,-0.979025,76.5
2020-06-22 11:15:30,170245,37.6015328,-0.979025,76.5
2020-06-22 11:15:30,170245,37.6015328,-0.979025,76.5
2020-06-22 11:15:30,170245,37.6015328,-0.979025,76.5
2020-06-22 11:15:30,170245,37.6015328,-0.979025,76.5
2020-06-22 11:15:30,170245,37.6015328,-0.979025,76.5
2020-06-22 11:15:30,170245,37.6015328,-0.979025,76.5
2020-06-22 11:15:30,170245,37.6015328,-0.979025,76.5
2020-06-22 11:15:30,170245,37.6015328,-0.979025,76.5
2020-06-22 11:15:30,170245,37.6015328,-0.979025,76.5
2020-06-22 11:15:30,170245,37.6015328,-0.979025,76.5
2020-06-22 11:15:30,170245,37.6015328,-0.979025,76.5
2020-06-22 11:15:30,170245,37.6015328,-0.979025,76.5
2020-06-22 11:15:30,170245,37.6015328,-0.979025,76.5
2020-06-22 11:15:30,170245,37.6015328,-0.979025,76.5
2020-06-22 11:15:30,170245,37.6015328,-0.979025,76.5
2020-06-22 11:15:30,170245,37.6015328,-0.979025,76.5
2020-06-22 11:15:30,170245,37.6015328,-0.979025,76.5
2020-06-22 11:15:30,170245,37.6015328,-0.979025,76.5
2020-06-22 11:15:30,170245,37.6015328,-0.979025,76.5
2020-06-22 11:15:30,170245,37.6015328,-0.979025,76.5
2020-06-22 11:15:30,170245,37.6015328,-0.979025,76.5
2020-06-22 11:15:30,170245,37.6015328,-0.979025,76.5
2020-06-22 11:15:30,170245,37.6015328,-0.979025,76.5
2020-06-22 11:15:30,170245,37.6015328,-0.979025,76.5
2020-06-22 11:15:30,170245,37.6015328,-0.979025,76.5
2020-06-22 11:15:30,170245,37.6015328,-0.979025,76.5
2020-06-22 11:15:30,170245,37.6015328,-0.979025,76.5
2020-06-22 11:15:30,170245,37.6015328,-0.979025,76.5
2020-06-22 11:15:30,170245,37.6015328,-0.979025,76.5
2020-06-22 11:15:30,170245,37.6015328,-0.979025,76.5
2020-06-22 11:15:30,170245,37.6015328,-0.979025,76.5
2020-06-22 11:15:30,170245,37.6015328,-0.979025,76.5
2020-06-22 11:15:30,170245,37.6015328,-0.979025,76.5
2020-06-22 11:15:30,170245,37.6015328,-0.979025,76.5
2020-06-22 11:15:30,170245,37.6015328,-0.979025,76.5
2020-06-22 11:15:30,170245,37.6015328,-0.979025,76.5
2020-06-22 11:15:30,170245,37.6015328,-0.979025,76.5
2020-06-22 11:15:30,170245,37.6015328,-0.979025,76.5
2020-06-22 11:15:30,170245,37.6015328,-0.979025,76.5
2020-06-22 11:15:30,170245,37.6015328,-0.979025,76.5
2020-06-22 11:15:30,170245,37.6015328,-0.979025,76.5
2020-06-22 11:15:30,170245,37.6015328,-0.979025,76.5
2020-06-22 11:15:30,170245,37.6015328,-0.979025,76.5
2020-06-22 11:15:30,170245,37.6015328,-0.979025,76.5
2020-06-22 11:15:30,170245,37.6015328,-0.979025,76.5
2020-06-22 11:15:30,170245,37.6015328,-0.979025,76.5
2020-06-22 11:15:30,170245,37.6015328,-0.979025,76.5
2020-06-22 11:15:30,170245,37.6015328,-0.979025,76.5
2020-06-22 11:15:30,170245,37.6015328,-0.979025,76.5
2020-06-22 11:15:30,170245,37.6015328,-0.979025,76.5
2020-06-22 11:15:30,170245,37.6015328,-0.979025,76.5
2020-06-22 11:15:30,170245,37.6015328,-0.979025,76.5
2020-06-22 11:15:30,170245,37.6015328,-0.979025,76.5
2020-06-22 11:15:30,170245,37.6015328,-0.979025,76.5
2020-06-22 11:15:30,170245,37.6015328,-0.979025,76.5
2020-06-22 11:15:30,170245,37.6015328,-0.979025,76.5
2020-06-22 11:15:30,170245,37.6015328,-0.979025,76.5
2020-06-22 11:15:30,170245,37.6015328,-0.979025,76.5
2020-06-22 11:15:30,170245,37.6015328,-0.979025,76.5
2020-06-22 11:15:30,170245,37.6015328,-0.979025,76.5
2020-06-22 11:15:30,170245,37.6015328,-0.979025,76.5
2020-06-22 11:15:30,170245,37.6015328,-0.979025,76.5
2020-06-22 11:15:30,170245,37.6015328,-0.979025,76.5
2020-06-22 11:15:30,170301,37.6015328,-0.979025,76.5
2020-06-22 11:15:30,170401,37.6015328,-0.979025,76.5
2020-06-22 11:15:30,170501,37.6015328,-0.979025,76.5
2020-06-22 11:15:30,170601,37.6015328,-0.979025,76.5
2020-06-22 11:15:30,170702,37.6015328,-0.979025,76.5
2020-06-22 11:15:30,170801,37.6015328,-0.979025,76.5
2020-06-22 11:15:30,170901,37.6015328,-0.979025,76.5
2020-06-22 11:15:30,171002,37.6015328,-0.979025,76.5
2020-06-22 11:15:30,171101,37.6015328,-0.979025,76.5
2020-06-22 11:15:30,171201,37.6015328,-0.979025,76.5
2020-06-22 11:15:31,171301,37.6015328,-0.979025,76.5
2020-06-22 11:15:31,171401,37.6015328,-0.979025,76.5
2020-06-22 11:15:31,171502,37.6015328,-0.979025,76.5
2020-06-22 11:15:31,171601,37.6015328,-0.979025,76.5
2020-06-22 11:15:31,171701,37.6015328,-0.979025,76.5
2020-06-22 11:15:31,171801,37.6015328,-0.979025,76.5
2020-06-22 11:15:31,171902,37.6015328,-0.979025,76.5
2020-06-22 11:15:31,172001,37.6015328,-0.979025,76.5
2020-06-22 11:15:31,172101,37.6015328,-0.979025,76.5
2020-06-22 11:15:31,172201,37.6015328,-0.979025,76.5
2020-06-22 11:15:32,172301,37.6015328,-0.979025,76.5
2020-06-22 11:15:32,172402,37.6015328,-0.979025,76.5
2020-06-22 11:15:32,172501,37.6015328,-0.979025,76.5
2020-06-22 11:15:32,172601,37.6015328,-0.979025,76.5
2020-06-22 11:15:32,172701,37.6015328,-0.979025,76.5
2020-06-22 11:15:32,172801,37.6015328,-0.979025,76.5
2020-06-22 11:15:32,172901,37.6015328,-0.979025,76.5
2020-06-22 11:15:32,173002,37.6015328,-0.979025,76.5
2020-06-22 11:15:32,173101,37.6015328,-0.979025,76.5
2020-06-22 11:15:32,173201,37.6015328,-0.979025,76.5
2020-06-22 11:15:33,173301,37.6015328,-0.979025,76.5
2020-06-22 11:15:33,173401,37.6015328,-0.979025,76.5
2020-06-22 11:15:33,173501,37.6015328,-0.979025,76.5
2020-06-22 11:15:33,173602,37.6015328,-0.979025,76.5
2020-06-22 11:15:33,173701,37.6015328,-0.979025,76.5
2020-06-22 11:15:33,173801,37.6015328,-0.979025,76.5
2020-06-22 11:15:33,173901,37.6015328,-0.979025,76.5
2020-06-22 11:15:33,174001,37.6015328,-0.979025,76.5
2020-06-22 11:15:33,174101,37.6015328,-0.979025,76.5
2020-06-22 11:15:33,174202,37.6015328,-0.979025,76.5
2020-06-22 11:15:34,174301,37.6015328,-0.979025,76.5
2020-06-22 11:15:34,174401,37.6015328,-0.979025,76.5
2020-06-22 11:15:34,174501,37.6015328,-0.979025,76.5
2020-06-22 11:15:34,174601,37.6015328,-0.979025,76.5
2020-06-22 11:15:34,174702,37.6015328,-0.979025,76.5
2020-06-22 11:15:34,174801,37.6015328,-0.979025,76.5
2020-06-22 11:15:34,174901,37.6015328,-0.979025,76.5
2020-06-22 11:15:34,175001,37.6015328,-0.979025,76.5
2020-06-22 11:15:34,175102,37.6015328,-0.979025,76.5
2020-06-22 11:15:34,175201,37.6015328,-0.979025,76.5
2020-06-22 11:15:35,175301,37.6015328,-0.979025,76.5
2020-06-22 11:15:35,175401,37.6015328,-0.979025,76.5
2020-06-22 11:15:35,175501,37.6015328,-0.979025,76.5
2020-06-22 11:15:35,175601,37.6015328,-0.979025,76.5
2020-06-22 11:15:35,175702,37.6015328,-0.979025,76.5
2020-06-22 11:15:35,175801,37.6015328,-0.979025,76.5
2020-06-22 11:15:35,175901,37.6015328,-0.979025,76.5
2020-06-22 11:15:35,176001,37.6015328,-0.979025,76.5
2020-06-22 11:15:35,176101,37.6015328,-0.979025,76.5
2020-06-22 11:15:35,176201,37.6015328,-0.979025,76.5
2020-06-22 11:15:36,176301,37.6015328,-0.979025,76.5
2020-06-22 11:15:36,176401,37.6015328,-0.979025,76.5
2020-06-22 11:15:36,176501,37.6015328,-0.979025,76.5
2020-06-22 11:15:36,176602,37.6015328,-0.979025,76.5
2020-06-22 11:15:36,176701,37.6015328,-0.979025,76.5
2020-06-22 11:15:36,176802,37.6015328,-0.979025,76.5
2020-06-22 11:15:36,176901,37.6015328,-0.979025,76.5
2020-06-22 11:15:36,177001,37.6015328,-0.979025,76.5
2020-06-22 11:15:36,177101,37.6015328,-0.979025,76.5
2020-06-22 11:15:36,177201,37.6015328,-0.979025,76.5
2020-06-22 11:15:37,177302,37.6015328,-0.979025,76.5
2020-06-22 11:15:37,177401,37.6015328,-0.979025,76.5
2020-06-22 11:15:37,177501,37.6015328,-0.979025,76.5
2020-06-22 11:15:37,177601,37.6015328,-0.979025,76.5
2020-06-22 11:15:37,177701,37.6015328,-0.979025,76.5
2020-06-22 11:15:37,177802,37.6015328,-0.979025,76.5
2020-06-22 11:15:37,177901,37.6015328,-0.979025,76.5
2020-06-22 11:15:37,178001,37.6015328,-0.979025,76.5
2020-06-22 11:15:37,178101,37.6015328,-0.979025,76.5
2020-06-22 11:15:37,178201,37.6015328,-0.979025,76.5
2020-06-22 11:15:38,178301,37.6015328,-0.979025,76.5
2020-06-22 11:15:38,178401,37.6015328,-0.979025,76.5
2020-06-22 11:15:38,178501,37.6015328,-0.979025,76.5
2020-06-22 11:15:38,178601,37.6015328,-0.979025,76.5
2020-06-22 11:15:38,178703,37.6015328,-0.979025,76.5
2020-06-22 11:15:38,178801,37.6015328,-0.979025,76.5
2020-06-22 11:15:38,178901,37.6015328,-0.979025,76.5
2020-06-22 11:15:38,179001,37.6015328,-0.979025,76.5
2020-06-22 11:15:38,179101,37.6015328,-0.979025,76.5
2020-06-22 11:15:38,179201,37.6015328,-0.979025,76.5
2020-06-22 11:15:39,179302,37.6015328,-0.979025,76.5
2020-06-22 11:15:39,179401,37.6015328,-0.979025,76.5
2020-06-22 11:15:39,179501,37.6015328,-0.979025,76.5
2020-06-22 11:15:39,179602,37.6015328,-0.979025,76.5
2020-06-22 11:15:39,179701,37.6015328,-0.979025,76.5
2020-06-22 11:15:39,179801,37.6015328,-0.979025,76.5
2020-06-22 11:15:39,179901,37.6015328,-0.979025,76.5
2020-06-22 11:15:39,180001,37.6015328,-0.979025,76.5
2020-06-22 11:15:39,180102,37.6015328,-0.979025,76.5
2020-06-22 11:15:39,180201,37.6015328,-0.979025,76.5
2020-06-22 11:15:40,180301,37.6015328,-0.979025,76.5
2020-06-22 11:15:40,180401,37.6015328,-0.979025,76.5
2020-06-22 11:15:40,180502,37.6015328,-0.979025,76.5
2020-06-22 11:15:40,180601,37.6015328,-0.979025,76.5
2020-06-22 11:15:40,180701,37.6015328,-0.979025,76.5
2020-06-22 11:15:40,180801,37.6015328,-0.979025,76.5
2020-06-22 11:15:40,180901,37.6015328,-0.979025,76.5
2020-06-22 11:15:40,181001,37.6015328,-0.979025,76.5
2020-06-22 11:15:40,181102,37.6015328,-0.979025,76.5
2020-06-22 11:15:40,181201,37.6015328,-0.979025,76.5
2020-06-22 11:15:41,181301,37.6015328,-0.979025,76.5
