Timestamp,Milliseconds,X,Y,Z
2020-06-01 18:33:16,2,-23.125,-28.1875,-2.0625
2020-06-01 18:33:16,102,-25.6875,-28.5,-2.0625
2020-06-01 18:33:16,201,-24.625,-27.8125,-1.25
2020-06-01 18:33:16,301,-25.0,-27.4375,-1.625
2020-06-01 18:33:16,401,-26.0625,-28.5,-1.25
2020-06-01 18:33:16,502,-26.0625,-28.5,-1.625
2020-06-01 18:33:16,601,-25.6875,-28.875,-1.25
2020-06-01 18:33:16,701,-25.375,-28.875,-1.625
2020-06-01 18:33:16,801,-25.375,-27.8125,-1.625
2020-06-01 18:33:16,901,-24.25,-27.8125,-1.625
2020-06-01 18:33:17,1002,-23.5,-28.1875,-1.25
2020-06-01 18:33:17,1101,-23.5,-27.8125,-2.0625
2020-06-01 18:33:17,1201,-23.125,-27.4375,-0.875
2020-06-01 18:33:17,1301,-22.375,-27.8125,-2.4375
2020-06-01 18:33:17,1401,-24.25,-27.4375,-2.4375
2020-06-01 18:33:17,1502,-23.875,-28.5625,-1.625
2020-06-01 18:33:17,1601,-23.125,-28.1875,-1.25
2020-06-01 18:33:17,1701,-23.5,-28.1875,-1.625
2020-06-01 18:33:17,1802,-22.75,-26.6875,-2.0625
2020-06-01 18:33:17,1901,-24.25,-27.8125,-1.25
2020-06-01 18:33:18,2002,-24.625,-28.5,-0.875
2020-06-01 18:33:18,2101,-24.625,-28.1875,-1.25
2020-06-01 18:33:18,2201,-24.25,-27.8125,-1.25
2020-06-01 18:33:18,2301,-24.625,-28.5625,-1.25
2020-06-01 18:33:18,2402,-24.25,-27.8125,-1.25
2020-06-01 18:33:18,2501,-24.625,-27.8125,-2.0625
2020-06-01 18:33:18,2602,-23.5,-27.4375,-2.4375
2020-06-01 18:33:18,2701,-24.625,-28.5625,-1.25
2020-06-01 18:33:18,2801,-24.25,-28.5625,-1.625
2020-06-01 18:33:18,2902,-21.25,-27.8125,-0.4375
2020-06-01 18:33:19,3001,-23.875,-28.875,-2.0625
2020-06-01 18:33:19,3101,-22.375,-29.25,-1.25
2020-06-01 18:33:19,3201,-24.25,-27.8125,-0.875
2020-06-01 18:33:19,3301,-23.875,-27.8125,-0.0625
2020-06-01 18:33:19,3402,-24.625,-29.25,-1.25
2020-06-01 18:33:19,3501,-24.25,-28.1875,-1.625
2020-06-01 18:33:19,3601,-23.5,-28.875,-0.875
2020-06-01 18:33:19,3701,-25.375,-27.8125,-1.25
2020-06-01 18:33:19,3802,-23.5,-26.6875,-0.875
2020-06-01 18:33:19,3901,-25.375,-27.0625,-1.625
2020-06-01 18:33:20,4001,-25.0,-27.4375,-2.4375
2020-06-01 18:33:20,4101,-26.0625,-27.0625,-1.625
2020-06-01 18:33:20,4202,-26.0625,-26.6875,-1.625
2020-06-01 18:33:20,4301,-26.0625,-26.3125,-1.625
2020-06-01 18:33:20,4401,-24.25,-26.6875,-2.0625
2020-06-01 18:33:20,4501,-26.0625,-26.6875,-0.875
2020-06-01 18:33:20,4601,-25.375,-26.3125,-0.0625
2020-06-01 18:33:20,4701,-26.0625,-25.5625,-0.875
2020-06-01 18:33:20,4801,-26.8125,-26.3125,-0.4375
2020-06-01 18:33:20,4902,-27.9375,-26.6875,-0.4375
2020-06-01 18:33:21,5001,-26.4375,-25.1875,-1.25
2020-06-01 18:33:21,5103,-27.5625,-25.1875,-0.0625
2020-06-01 18:33:21,5202,-26.8125,-26.3125,0.375
2020-06-01 18:33:21,5301,-27.1875,-25.5625,0.375
2020-06-01 18:33:21,5401,-25.6875,-25.5625,-2.875
2020-06-01 18:33:21,5502,-25.6875,-24.4375,-2.0625
2020-06-01 18:33:21,5601,-23.875,-23.6875,-2.4375
2020-06-01 18:33:21,5701,-21.25,-24.0625,-2.0625
2020-06-01 18:33:21,5802,-19.75,-24.4375,-2.4375
2020-06-01 18:33:21,5901,-21.25,-22.9375,-5.25
2020-06-01 18:33:22,6001,-20.125,-22.25,-8.875
2020-06-01 18:33:22,6101,-22.75,-20.375,-10.875
2020-06-01 18:33:22,6202,-22.375,-21.125,-8.875
2020-06-01 18:33:22,6301,-22.375,-20.75,-7.6875
2020-06-01 18:33:22,6401,-21.625,-21.125,-5.6875
2020-06-01 18:33:22,6501,-20.5,-21.875,-2.4375
2020-06-01 18:33:22,6602,-22.375,-21.875,-2.875
2020-06-01 18:33:22,6701,-22.375,-22.5625,-2.875
2020-06-01 18:33:22,6801,-21.25,-21.875,-1.25
2020-06-01 18:33:22,6901,-22.375,-21.875,-2.4375
2020-06-01 18:33:23,7002,-21.25,-21.5,-1.625
2020-06-01 18:33:23,7101,-22.375,-22.9375,-0.8125
2020-06-01 18:33:23,7201,-21.625,-22.5625,-1.25
2020-06-01 18:33:23,7302,-21.25,-22.25,-2.0625
2020-06-01 18:33:23,7402,-21.25,-22.5625,-2.875
2020-06-01 18:33:23,7501,-20.875,-22.5625,-1.25
2020-06-01 18:33:23,7601,-21.25,-21.875,-1.625
2020-06-01 18:33:23,7702,-23.5,-21.5,-2.0625
2020-06-01 18:33:23,7802,-21.625,-22.25,-2.0625
2020-06-01 18:33:23,7901,-22.75,-21.5,-1.625
2020-06-01 18:33:24,8002,-23.125,-22.25,-2.4375
2020-06-01 18:33:24,8102,-23.125,-21.5,-1.625
2020-06-01 18:33:24,8202,-22.375,-21.875,-2.0625
2020-06-01 18:33:24,8301,-21.625,-20.75,-2.0625
2020-06-01 18:33:24,8401,-23.875,-21.125,-1.625
2020-06-01 18:33:24,8502,-22.75,-21.5,-2.4375
2020-06-01 18:33:24,8601,-22.375,-20.375,-2.4375
2020-06-01 18:33:24,8702,-22.0,-21.5,-0.8125
2020-06-01 18:33:24,8802,-22.0,-21.125,-2.0625
2020-06-01 18:33:24,8901,-21.25,-21.125,-1.25
2020-06-01 18:33:25,9003,-23.125,-21.125,-1.625
2020-06-01 18:33:25,9102,-22.0,-20.75,-1.625
2020-06-01 18:33:25,9201,-23.125,-21.125,-1.25
2020-06-01 18:33:25,9302,-23.5,-21.125,-2.4375
2020-06-01 18:33:25,9401,-22.0,-20.75,-1.625
2020-06-01 18:33:25,9501,-22.0,-21.125,-1.25
2020-06-01 18:33:25,9602,-23.5,-22.25,-0.8125
2020-06-01 18:33:25,9701,-24.25,-21.125,-0.8125
2020-06-01 18:33:25,9802,-23.125,-21.125,-2.0625
2020-06-01 18:33:25,9901,-23.875,-20.75,-1.25
2020-06-01 18:33:26,10001,-21.25,-20.375,-1.625
2020-06-01 18:33:26,10101,-23.5,-21.125,-1.625
2020-06-01 18:33:26,10202,-22.375,-21.125,-1.625
2020-06-01 18:33:26,10302,-21.625,-21.5,-3.625
2020-06-01 18:33:26,10401,-21.625,-21.5,-2.0625
2020-06-01 18:33:26,10501,-21.625,-21.125,-1.625
2020-06-01 18:33:26,10602,-21.625,-20.75,-1.625
2020-06-01 18:33:26,10701,-23.875,-21.5,-2.0625
2020-06-01 18:33:26,10801,-22.75,-21.125,-2.4375
2020-06-01 18:33:26,10902,-23.5,-21.125,-1.25
2020-06-01 18:33:27,11001,-23.5,-20.75,-2.0625
2020-06-01 18:33:27,11101,-23.5,-21.125,-2.4375
2020-06-01 18:33:27,11202,-23.5,-20.75,-1.625
2020-06-01 18:33:27,11301,-22.375,-21.875,-2.4375
2020-06-01 18:33:27,11402,-22.375,-21.125,-2.4375
2020-06-01 18:33:27,11501,-23.875,-21.5,-2.8125
2020-06-01 18:33:27,11602,-23.125,-21.125,-2.0625
2020-06-01 18:33:27,11701,-22.0,-20.75,-2.0625
2020-06-01 18:33:27,11801,-21.625,-21.125,-2.4375
2020-06-01 18:33:27,11902,-23.875,-20.75,-1.625
2020-06-01 18:33:28,12001,-22.375,-20.75,-2.0625
2020-06-01 18:33:28,12101,-22.0,-21.125,-2.0625
2020-06-01 18:33:28,12201,-22.75,-20.75,-2.0625
2020-06-01 18:33:28,12302,-20.875,-19.625,-1.625
2020-06-01 18:33:28,12401,-23.125,-21.125,-0.8125
2020-06-01 18:33:28,12501,-23.875,-20.75,-0.4375
2020-06-01 18:33:28,12601,-22.375,-20.75,-1.625
2020-06-01 18:33:28,12702,-22.375,-21.875,-2.4375
2020-06-01 18:33:28,12801,-23.875,-20.75,-1.25
2020-06-01 18:33:28,12901,-22.0,-20.75,-2.4375
2020-06-01 18:33:29,13001,-23.875,-21.125,-1.25
2020-06-01 18:33:29,13102,-22.375,-21.5,-3.25
2020-06-01 18:33:29,13201,-23.125,-22.5625,-2.4375
2020-06-01 18:33:29,13301,-22.75,-21.125,-1.625
2020-06-01 18:33:29,13402,-22.75,-21.875,-1.25
2020-06-01 18:33:29,13501,-23.125,-21.125,-0.8125
2020-06-01 18:33:29,13601,-21.625,-20.75,-2.4375
2020-06-01 18:33:29,13701,-22.375,-20.75,-2.0625
2020-06-01 18:33:29,13802,-22.0,-20.75,-1.625
2020-06-01 18:33:29,13901,-20.125,-21.5,-2.4375
2020-06-01 18:33:30,14001,-22.375,-21.125,-0.4375
2020-06-01 18:33:30,14102,-21.25,-21.125,-1.625
2020-06-01 18:33:30,14201,-21.25,-21.875,-1.25
2020-06-01 18:33:30,14302,-22.375,-21.5,-1.25
2020-06-01 18:33:30,14401,-21.625,-21.5,-2.0625
2020-06-01 18:33:30,14501,-22.0,-21.125,-1.625
2020-06-01 18:33:30,14602,-22.375,-20.75,-2.0625
2020-06-01 18:33:30,14701,-21.625,-21.875,-2.4375
2020-06-01 18:33:30,14801,-22.375,-21.875,-1.25
2020-06-01 18:33:30,14901,-22.75,-21.125,-2.0625
2020-06-01 18:33:31,15002,-24.625,-21.5,-2.0625
2020-06-01 18:33:31,15101,-22.75,-21.125,-2.0625
2020-06-01 18:33:31,15202,-22.375,-21.875,-0.8125
2020-06-01 18:33:31,15301,-23.125,-21.875,-2.0625
2020-06-01 18:33:31,15401,-23.5,-21.875,-1.25
2020-06-01 18:33:31,15502,-22.375,-21.125,-1.25
2020-06-01 18:33:31,15601,-22.375,-21.875,-1.625
2020-06-01 18:33:31,15701,-23.125,-21.875,-2.4375
2020-06-01 18:33:31,15801,-21.625,-21.875,-2.4375
2020-06-01 18:33:31,15901,-21.625,-22.25,-2.0625
2020-06-01 18:33:32,16002,-22.0,-21.875,-1.25
2020-06-01 18:33:32,16101,-22.75,-21.125,-3.25
2020-06-01 18:33:32,16201,-21.625,-21.5,-1.625
2020-06-01 18:33:32,16301,-22.0,-21.5,-2.8125
2020-06-01 18:33:32,16402,-22.375,-20.75,-2.0625
2020-06-01 18:33:32,16501,-23.5,-21.125,-2.0625
2020-06-01 18:33:32,16601,-21.25,-21.125,-1.25
2020-06-01 18:33:32,16701,-23.5,-21.125,-2.875
2020-06-01 18:33:32,16802,-23.125,-21.875,-2.0625
2020-06-01 18:33:32,16901,-21.25,-21.5,-1.625
2020-06-01 18:33:33,17001,-23.5,-21.5,-2.4375
2020-06-01 18:33:33,17102,-21.25,-22.625,-0.8125
2020-06-01 18:33:33,17201,-23.125,-21.875,-2.4375
2020-06-01 18:33:33,17302,-23.125,-22.25,-1.25
2020-06-01 18:33:33,17402,-22.375,-22.25,-0.8125
2020-06-01 18:33:33,17502,-22.75,-22.25,-0.8125
2020-06-01 18:33:33,17602,-23.875,-22.25,-0.4375
2020-06-01 18:33:33,17702,-24.625,-21.5,-1.625
2020-06-01 18:33:33,17801,-24.625,-21.875,-0.8125
2020-06-01 18:33:33,17901,-23.875,-22.9375,-1.25
2020-06-01 18:33:34,18001,-23.875,-21.875,-1.25
2020-06-01 18:33:34,18102,-23.5,-22.25,-0.8125
2020-06-01 18:33:34,18201,-24.25,-23.3125,-1.625
2020-06-01 18:33:34,18301,-24.25,-23.3125,-2.4375
2020-06-01 18:33:34,18402,-24.625,-23.6875,-0.8125
2020-06-01 18:33:34,18502,-25.375,-23.3125,-1.625
2020-06-01 18:33:34,18601,-23.125,-24.0625,-2.4375
2020-06-01 18:33:34,18702,-25.0,-23.6875,-5.625
2020-06-01 18:33:34,18802,-24.625,-24.8125,-6.0625
2020-06-01 18:33:34,18901,-24.25,-23.3125,-6.875
2020-06-01 18:33:35,19002,-26.0625,-23.3125,-7.25
2020-06-01 18:33:35,19102,-23.875,-22.25,-8.4375
2020-06-01 18:33:35,19201,-25.0,-22.25,-7.25
2020-06-01 18:33:35,19302,-26.0625,-23.3125,-7.6875
2020-06-01 18:33:35,19401,-26.0625,-24.0625,-6.875
2020-06-01 18:33:35,19502,-27.1875,-23.6875,-7.6875
2020-06-01 18:33:35,19601,-26.8125,-24.0625,-6.0625
2020-06-01 18:33:35,19702,-26.8125,-23.3125,-4.875
2020-06-01 18:33:35,19801,-27.5625,-23.6875,-1.625
2020-06-01 18:33:35,19902,-27.5625,-24.0625,-1.625
2020-06-01 18:33:36,20002,-27.1875,-24.8125,0.375
2020-06-01 18:33:36,20101,-25.375,-25.9375,-0.4375
2020-06-01 18:33:36,20201,-27.1875,-25.9375,1.1875
2020-06-01 18:33:36,20302,-26.0625,-24.8125,2.375
2020-06-01 18:33:36,20401,-27.1875,-24.4375,4.0
2020-06-01 18:33:36,20502,-26.4375,-24.0625,3.5625
2020-06-01 18:33:36,20601,-27.9375,-24.0625,1.5625
2020-06-01 18:33:36,20701,-26.8125,-24.8125,0.375
2020-06-01 18:33:36,20802,-27.5625,-24.0625,1.5625
2020-06-01 18:33:36,20901,-28.6875,-24.4375,2.375
2020-06-01 18:33:37,21001,-27.5625,-24.8125,0.75
2020-06-01 18:33:37,21102,-28.3125,-25.5625,2.0
2020-06-01 18:33:37,21201,-26.8125,-24.8125,1.5625
2020-06-01 18:33:37,21302,-26.0625,-25.1875,1.1875
2020-06-01 18:33:37,21401,-27.5625,-25.9375,0.75
2020-06-01 18:33:37,21502,-25.6875,-26.3125,1.1875
2020-06-01 18:33:37,21601,-25.0,-26.3125,0.375
2020-06-01 18:33:37,21701,-25.6875,-25.1875,-0.4375
2020-06-01 18:33:37,21802,-26.4375,-26.6875,-3.625
2020-06-01 18:33:37,21901,-25.0,-27.0625,-2.0625
2020-06-01 18:33:38,22001,-26.4375,-27.4375,-2.875
2020-06-01 18:33:38,22102,-25.375,-27.4375,-3.25
2020-06-01 18:33:38,22201,-26.4375,-27.4375,-3.25
2020-06-01 18:33:38,22301,-26.4375,-27.0625,-1.625
2020-06-01 18:33:38,22402,-26.0625,-27.0625,-2.0625
2020-06-01 18:33:38,22502,-26.0625,-26.6875,1.1875
2020-06-01 18:33:38,22601,-26.8125,-25.1875,4.8125
2020-06-01 18:33:38,22702,-26.4375,-26.6875,3.1875
2020-06-01 18:33:38,22801,-26.4375,-25.9375,2.75
2020-06-01 18:33:38,22901,-26.0625,-25.9375,3.1875
2020-06-01 18:33:39,23001,-26.0625,-26.3125,2.375
2020-06-01 18:33:39,23102,-26.8125,-24.8125,1.1875
2020-06-01 18:33:39,23201,-26.4375,-25.9375,2.0
2020-06-01 18:33:39,23301,-26.8125,-26.6875,0.75
2020-06-01 18:33:39,23401,-27.1875,-25.9375,2.375
2020-06-01 18:33:39,23502,-26.4375,-26.3125,4.375
2020-06-01 18:33:39,23601,-25.375,-25.9375,5.1875
2020-06-01 18:33:39,23701,-27.1875,-26.3125,4.375
2020-06-01 18:33:39,23801,-25.375,-24.8125,4.375
2020-06-01 18:33:39,23902,-26.0625,-25.9375,5.1875
2020-06-01 18:33:40,24001,-26.8125,-26.3125,5.5625
2020-06-01 18:33:40,24102,-27.1875,-26.3125,4.0
2020-06-01 18:33:40,24202,-26.4375,-26.3125,3.1875
2020-06-01 18:33:40,24301,-27.1875,-26.3125,2.75
2020-06-01 18:33:40,24401,-26.0625,-26.3125,4.0
2020-06-01 18:33:40,24502,-26.0625,-26.6875,3.1875
2020-06-01 18:33:40,24601,-27.5625,-26.3125,2.375
2020-06-01 18:33:40,24702,-26.0625,-26.3125,2.75
2020-06-01 18:33:40,24801,-27.1875,-25.1875,2.75
2020-06-01 18:33:40,24901,-25.375,-26.3125,1.5625
2020-06-01 18:33:41,25002,-26.8125,-26.3125,1.1875
2020-06-01 18:33:41,25101,-26.4375,-26.3125,1.5625
2020-06-01 18:33:41,25201,-26.4375,-26.6875,-0.4375
2020-06-01 18:33:41,25302,-27.1875,-26.3125,0.375
2020-06-01 18:33:41,25401,-26.8125,-25.9375,0.75
2020-06-01 18:33:41,25501,-25.0,-26.6875,0.375
2020-06-01 18:33:41,25602,-25.0,-26.3125,0.75
2020-06-01 18:33:41,25701,-27.1875,-27.4375,1.5625
2020-06-01 18:33:41,25802,-26.4375,-26.3125,2.375
2020-06-01 18:33:41,25902,-26.4375,-26.3125,1.5625
2020-06-01 18:33:42,26002,-27.5625,-26.6875,0.375
2020-06-01 18:33:42,26101,-27.1875,-26.3125,0.75
2020-06-01 18:33:42,26201,-26.8125,-26.3125,-0.8125
2020-06-01 18:33:42,26302,-27.1875,-26.6875,0.75
2020-06-01 18:33:42,26401,-27.1875,-25.1875,0.75
2020-06-01 18:33:42,26501,-27.5625,-25.9375,-0.0625
2020-06-01 18:33:42,26602,-27.1875,-25.9375,1.1875
2020-06-01 18:33:42,26701,-26.4375,-25.9375,0.375
2020-06-01 18:33:42,26803,-27.5625,-26.6875,0.75
2020-06-01 18:33:42,26901,-26.4375,-26.3125,1.1875
2020-06-01 18:33:43,27002,-26.8125,-25.9375,1.1875
2020-06-01 18:33:43,27101,-26.4375,-26.6875,-0.4375
2020-06-01 18:33:43,27201,-25.6875,-25.9375,-2.4375
2020-06-01 18:33:43,27301,-26.0625,-27.0625,-1.625
2020-06-01 18:33:43,27402,-25.6875,-25.9375,-2.4375
2020-06-01 18:33:43,27501,-26.4375,-26.6875,-2.0625
2020-06-01 18:33:43,27601,-26.4375,-27.0625,-4.875
2020-06-01 18:33:43,27702,-26.4375,-27.0625,-2.875
2020-06-01 18:33:43,27802,-26.4375,-25.9375,-3.25
2020-06-01 18:33:43,27901,-24.25,-27.4375,-3.625
2020-06-01 18:33:44,28002,-21.625,-25.9375,-2.875
2020-06-01 18:33:44,28101,-24.625,-27.4375,-0.8125
2020-06-01 18:33:44,28201,-22.375,-27.8125,-0.0625
2020-06-01 18:33:44,28302,-23.875,-27.0625,-0.0625
2020-06-01 18:33:44,28402,-23.875,-26.3125,0.75
2020-06-01 18:33:44,28501,-22.75,-23.3125,1.1875
2020-06-01 18:33:44,28601,-23.875,-22.5625,0.75
2020-06-01 18:33:44,28702,-22.375,-21.125,-3.25
2020-06-01 18:33:44,28802,-22.75,-19.25,-6.0625
2020-06-01 18:33:44,28901,-23.5,-18.875,-8.5
2020-06-01 18:33:45,29002,-23.5,-18.125,-8.5
2020-06-01 18:33:45,29102,-23.875,-18.875,-4.875
2020-06-01 18:33:45,29201,-23.125,-19.625,-2.0625
2020-06-01 18:33:45,29302,-23.875,-18.875,5.1875
2020-06-01 18:33:45,29402,-22.0,-17.75,10.0
2020-06-01 18:33:45,29501,-21.25,-16.625,11.1875
2020-06-01 18:33:45,29601,-23.125,-17.0,10.8125
2020-06-01 18:33:45,29702,-21.625,-17.375,10.0
2020-06-01 18:33:45,29801,-22.375,-17.375,11.625
2020-06-01 18:33:45,29901,-21.25,-16.625,11.625
2020-06-01 18:33:46,30002,-22.375,-16.625,11.1875
2020-06-01 18:33:46,30101,-22.0,-16.625,10.375
2020-06-01 18:33:46,30201,-22.75,-17.75,10.8125
2020-06-01 18:33:46,30302,-22.0,-16.625,10.8125
2020-06-01 18:33:46,30401,-22.375,-17.375,11.1875
2020-06-01 18:33:46,30501,-22.375,-16.625,10.8125
2020-06-01 18:33:46,30601,-22.75,-16.625,9.1875
2020-06-01 18:33:46,30701,-23.5,-17.0,10.0
2020-06-01 18:33:46,30802,-25.0,-18.125,9.1875
2020-06-01 18:33:46,30901,-22.0,-17.0,10.4375
2020-06-01 18:33:47,31002,-22.75,-17.0,11.1875
2020-06-01 18:33:47,31101,-22.0,-17.375,11.625
2020-06-01 18:33:47,31201,-21.625,-17.375,11.1875
2020-06-01 18:33:47,31301,-21.625,-17.375,10.8125
2020-06-01 18:33:47,31401,-22.75,-17.75,12.0
2020-06-01 18:33:47,31502,-22.0,-17.0,10.0
2020-06-01 18:33:47,31601,-22.0,-16.25,10.375
2020-06-01 18:33:47,31701,-22.0,-16.25,11.625
2020-06-01 18:33:47,31802,-22.375,-16.25,11.625
2020-06-01 18:33:47,31901,-22.375,-17.0,11.1875
2020-06-01 18:33:48,32001,-22.375,-17.75,10.4375
2020-06-01 18:33:48,32101,-21.25,-17.375,10.8125
2020-06-01 18:33:48,32202,-22.0,-18.125,9.625
2020-06-01 18:33:48,32301,-22.0,-18.875,5.5625
2020-06-01 18:33:48,32401,-23.125,-19.25,3.5625
2020-06-01 18:33:48,32502,-22.75,-18.125,4.0
2020-06-01 18:33:48,32601,-24.25,-18.5,5.1875
2020-06-01 18:33:48,32701,-23.125,-18.875,5.5625
2020-06-01 18:33:48,32802,-23.5,-17.0,5.1875
2020-06-01 18:33:48,32901,-25.0,-18.125,5.5625
2020-06-01 18:33:49,33440,-23.5,-16.625,6.375
2020-06-01 18:33:49,33440,-23.5,-16.625,6.375
2020-06-01 18:33:49,33440,-23.5,-16.625,6.375
2020-06-01 18:33:49,33440,-23.5,-16.625,6.375
2020-06-01 18:33:49,33440,-23.5,-16.625,6.375
2020-06-01 18:33:49,33502,-22.75,-18.125,6.375
2020-06-01 18:33:49,33601,-23.125,-18.5,4.8125
2020-06-01 18:33:49,33701,-22.75,-19.625,2.0
2020-06-01 18:33:49,33802,-22.375,-20.0,1.5625
2020-06-01 18:33:49,33901,-22.0,-20.375,0.75
2020-06-01 18:33:50,34002,-21.625,-20.375,2.0
2020-06-01 18:33:50,34101,-22.75,-21.125,1.1875
2020-06-01 18:33:50,34201,-22.375,-21.5,1.5625
2020-06-01 18:33:50,34302,-20.875,-21.875,0.75
2020-06-01 18:33:50,34401,-19.75,-22.25,1.1875
2020-06-01 18:33:50,34502,-22.0,-22.25,1.5625
2020-06-01 18:33:50,34601,-21.625,-23.3125,2.375
2020-06-01 18:33:50,34702,-22.375,-22.9375,-0.0625
2020-06-01 18:33:50,34801,-21.25,-22.25,0.75
2020-06-01 18:33:50,34902,-21.625,-23.3125,0.375
2020-06-01 18:33:51,35001,-21.25,-23.6875,-0.0625
2020-06-01 18:33:51,35101,-21.25,-23.6875,1.5625
2020-06-01 18:34:03,47282,-22.75,-22.25,0.75
2020-06-01 18:34:03,47282,-22.75,-22.25,0.75
2020-06-01 18:34:03,47282,-22.75,-22.25,0.75
2020-06-01 18:34:03,47282,-22.75,-22.25,0.75
2020-06-01 18:34:03,47282,-22.75,-22.25,0.75
2020-06-01 18:34:03,47282,-22.75,-22.25,0.75
2020-06-01 18:34:03,47282,-22.75,-22.25,0.75
2020-06-01 18:34:03,47282,-22.75,-22.25,0.75
2020-06-01 18:34:03,47282,-22.75,-22.25,0.75
2020-06-01 18:34:03,47282,-22.75,-22.25,0.75
2020-06-01 18:34:03,47282,-22.75,-22.25,0.75
2020-06-01 18:34:03,47282,-22.75,-22.25,0.75
2020-06-01 18:34:03,47282,-22.75,-22.25,0.75
2020-06-01 18:34:03,47282,-22.75,-22.25,0.75
2020-06-01 18:34:03,47282,-22.75,-22.25,0.75
2020-06-01 18:34:03,47282,-22.75,-22.25,0.75
2020-06-01 18:34:03,47282,-22.75,-22.25,0.75
2020-06-01 18:34:03,47282,-22.75,-22.25,0.75
2020-06-01 18:34:03,47282,-22.75,-22.25,0.75
2020-06-01 18:34:03,47282,-22.75,-22.25,0.75
2020-06-01 18:34:03,47282,-22.75,-22.25,0.75
2020-06-01 18:34:03,47282,-22.75,-22.25,0.75
2020-06-01 18:34:03,47282,-22.75,-22.25,0.75
2020-06-01 18:34:03,47282,-22.75,-22.25,0.75
2020-06-01 18:34:03,47282,-22.75,-22.25,0.75
2020-06-01 18:34:03,47282,-22.75,-22.25,0.75
2020-06-01 18:34:03,47282,-22.75,-22.25,0.75
2020-06-01 18:34:03,47282,-22.75,-22.25,0.75
2020-06-01 18:34:03,47282,-22.75,-22.25,0.75
2020-06-01 18:34:03,47282,-22.75,-22.25,0.75
2020-06-01 18:34:03,47282,-22.75,-22.25,0.75
2020-06-01 18:34:03,47282,-22.75,-22.25,0.75
2020-06-01 18:34:03,47282,-22.75,-22.25,0.75
2020-06-01 18:34:03,47282,-22.75,-22.25,0.75
2020-06-01 18:34:03,47282,-22.75,-22.25,0.75
2020-06-01 18:34:03,47282,-22.75,-22.25,0.75
2020-06-01 18:34:03,47282,-22.75,-22.25,0.75
2020-06-01 18:34:03,47282,-22.75,-22.25,0.75
2020-06-01 18:34:03,47282,-22.75,-22.25,0.75
2020-06-01 18:34:03,47282,-22.75,-22.25,0.75
2020-06-01 18:34:03,47283,-22.75,-22.25,0.75
2020-06-01 18:34:03,47283,-22.75,-22.25,0.75
2020-06-01 18:34:03,47283,-22.75,-22.25,0.75
2020-06-01 18:34:03,47283,-22.75,-22.25,0.75
2020-06-01 18:34:03,47283,-22.75,-22.25,0.75
2020-06-01 18:34:03,47283,-22.75,-22.25,0.75
2020-06-01 18:34:03,47283,-22.75,-22.25,0.75
2020-06-01 18:34:03,47283,-22.75,-22.25,0.75
2020-06-01 18:34:03,47283,-22.75,-22.25,0.75
2020-06-01 18:34:03,47283,-22.75,-22.25,0.75
2020-06-01 18:34:03,47283,-22.75,-22.25,0.75
2020-06-01 18:34:03,47283,-22.75,-22.25,0.75
2020-06-01 18:34:03,47283,-22.75,-22.25,0.75
2020-06-01 18:34:03,47283,-22.75,-22.25,0.75
2020-06-01 18:34:03,47283,-22.75,-22.25,0.75
2020-06-01 18:34:03,47283,-22.75,-22.25,0.75
2020-06-01 18:34:03,47283,-22.75,-22.25,0.75
2020-06-01 18:34:03,47283,-22.75,-22.25,0.75
2020-06-01 18:34:03,47283,-22.75,-22.25,0.75
2020-06-01 18:34:03,47283,-22.75,-22.25,0.75
2020-06-01 18:34:03,47283,-22.75,-22.25,0.75
2020-06-01 18:34:03,47283,-22.75,-22.25,0.75
2020-06-01 18:34:03,47283,-22.75,-22.25,0.75
2020-06-01 18:34:03,47283,-22.75,-22.25,0.75
2020-06-01 18:34:03,47283,-22.75,-22.25,0.75
2020-06-01 18:34:03,47283,-22.75,-22.25,0.75
2020-06-01 18:34:03,47283,-22.75,-22.25,0.75
2020-06-01 18:34:03,47283,-22.75,-22.25,0.75
2020-06-01 18:34:03,47283,-22.75,-22.25,0.75
2020-06-01 18:34:03,47283,-22.75,-22.25,0.75
2020-06-01 18:34:03,47283,-22.75,-22.25,0.75
2020-06-01 18:34:03,47283,-22.75,-22.25,0.75
2020-06-01 18:34:03,47283,-22.75,-22.25,0.75
2020-06-01 18:34:03,47283,-22.75,-22.25,0.75
2020-06-01 18:34:03,47283,-22.75,-22.25,0.75
2020-06-01 18:34:03,47283,-22.75,-22.25,0.75
2020-06-01 18:34:03,47283,-22.75,-22.25,0.75
2020-06-01 18:34:03,47283,-22.75,-22.25,0.75
2020-06-01 18:34:03,47283,-22.75,-22.25,0.75
2020-06-01 18:34:03,47283,-22.75,-22.25,0.75
2020-06-01 18:34:03,47283,-22.75,-22.25,0.75
2020-06-01 18:34:03,47283,-22.75,-22.25,0.75
2020-06-01 18:34:03,47283,-22.75,-22.25,0.75
2020-06-01 18:34:03,47283,-22.75,-22.25,0.75
2020-06-01 18:34:03,47283,-22.75,-22.25,0.75
2020-06-01 18:34:03,47283,-22.75,-22.25,0.75
2020-06-01 18:34:03,47283,-22.75,-22.25,0.75
2020-06-01 18:34:03,47283,-22.75,-22.25,0.75
2020-06-01 18:34:03,47283,-22.75,-22.25,0.75
2020-06-01 18:34:03,47283,-22.75,-22.25,0.75
2020-06-01 18:34:03,47283,-22.75,-22.25,0.75
2020-06-01 18:34:03,47283,-22.75,-22.25,0.75
2020-06-01 18:34:03,47283,-22.75,-22.25,0.75
2020-06-01 18:34:03,47283,-22.75,-22.25,0.75
2020-06-01 18:34:03,47283,-22.75,-22.25,0.75
2020-06-01 18:34:03,47283,-22.75,-22.25,0.75
2020-06-01 18:34:03,47283,-22.75,-22.25,0.75
2020-06-01 18:34:03,47283,-22.75,-22.25,0.75
2020-06-01 18:34:03,47283,-22.75,-22.25,0.75
2020-06-01 18:34:03,47283,-22.75,-22.25,0.75
2020-06-01 18:34:03,47283,-22.75,-22.25,0.75
2020-06-01 18:34:03,47283,-22.75,-22.25,0.75
2020-06-01 18:34:03,47283,-22.75,-22.25,0.75
2020-06-01 18:34:03,47283,-22.75,-22.25,0.75
2020-06-01 18:34:03,47283,-22.75,-22.25,0.75
2020-06-01 18:34:03,47283,-22.75,-22.25,0.75
2020-06-01 18:34:03,47283,-22.75,-22.25,0.75
2020-06-01 18:34:03,47283,-22.75,-22.25,0.75
2020-06-01 18:34:03,47283,-22.75,-22.25,0.75
2020-06-01 18:34:03,47283,-22.75,-22.25,0.75
2020-06-01 18:34:03,47283,-22.75,-22.25,0.75
2020-06-01 18:34:03,47283,-22.75,-22.25,0.75
2020-06-01 18:34:03,47283,-22.75,-22.25,0.75
2020-06-01 18:34:03,47283,-22.75,-22.25,0.75
2020-06-01 18:34:03,47283,-22.75,-22.25,0.75
2020-06-01 18:34:03,47283,-22.75,-22.25,0.75
2020-06-01 18:34:03,47283,-22.75,-22.25,0.75
2020-06-01 18:34:03,47283,-22.75,-22.25,0.75
2020-06-01 18:34:03,47283,-22.75,-22.25,0.75
2020-06-01 18:34:03,47283,-22.75,-22.25,0.75
2020-06-01 18:34:03,47283,-22.75,-22.25,0.75
2020-06-01 18:34:03,47301,-20.875,-23.3125,2.0
2020-06-01 18:34:03,47401,-20.875,-22.5625,2.0
2020-06-01 18:34:03,47501,-24.25,-22.25,2.0
2020-06-01 18:34:03,47601,-25.6875,-26.6875,-1.25
2020-06-01 18:34:03,47702,-23.125,-29.625,-3.25
2020-06-01 18:34:03,47801,-24.25,-29.25,-2.875
2020-06-01 18:34:03,47901,-25.0,-27.8125,-2.0625
2020-06-01 18:34:08,52806,-24.625,-28.1875,-4.0625
2020-06-01 18:34:08,52806,-24.625,-28.1875,-4.0625
2020-06-01 18:34:08,52806,-24.625,-28.1875,-4.0625
2020-06-01 18:34:08,52806,-24.625,-28.1875,-4.0625
2020-06-01 18:34:08,52806,-24.625,-28.1875,-4.0625
2020-06-01 18:34:08,52806,-24.625,-28.1875,-4.0625
2020-06-01 18:34:08,52806,-24.625,-28.1875,-4.0625
2020-06-01 18:34:08,52806,-24.625,-28.1875,-4.0625
2020-06-01 18:34:08,52806,-24.625,-28.1875,-4.0625
2020-06-01 18:34:08,52806,-24.625,-28.1875,-4.0625
2020-06-01 18:34:08,52806,-24.625,-28.1875,-4.0625
2020-06-01 18:34:08,52806,-24.625,-28.1875,-4.0625
2020-06-01 18:34:08,52806,-24.625,-28.1875,-4.0625
2020-06-01 18:34:08,52806,-24.625,-28.1875,-4.0625
2020-06-01 18:34:08,52806,-24.625,-28.1875,-4.0625
2020-06-01 18:34:08,52806,-24.625,-28.1875,-4.0625
2020-06-01 18:34:08,52806,-24.625,-28.1875,-4.0625
2020-06-01 18:34:08,52806,-24.625,-28.1875,-4.0625
2020-06-01 18:34:08,52806,-24.625,-28.1875,-4.0625
2020-06-01 18:34:08,52806,-24.625,-28.1875,-4.0625
2020-06-01 18:34:08,52806,-24.625,-28.1875,-4.0625
2020-06-01 18:34:08,52806,-24.625,-28.1875,-4.0625
2020-06-01 18:34:08,52806,-24.625,-28.1875,-4.0625
2020-06-01 18:34:08,52806,-24.625,-28.1875,-4.0625
2020-06-01 18:34:08,52806,-24.625,-28.1875,-4.0625
2020-06-01 18:34:08,52806,-24.625,-28.1875,-4.0625
2020-06-01 18:34:08,52806,-24.625,-28.1875,-4.0625
2020-06-01 18:34:08,52806,-24.625,-28.1875,-4.0625
2020-06-01 18:34:08,52806,-24.625,-28.1875,-4.0625
2020-06-01 18:34:08,52806,-24.625,-28.1875,-4.0625
2020-06-01 18:34:08,52806,-24.625,-28.1875,-4.0625
2020-06-01 18:34:08,52806,-24.625,-28.1875,-4.0625
2020-06-01 18:34:08,52806,-24.625,-28.1875,-4.0625
2020-06-01 18:34:08,52806,-24.625,-28.1875,-4.0625
2020-06-01 18:34:08,52806,-24.625,-28.1875,-4.0625
2020-06-01 18:34:08,52806,-24.625,-28.1875,-4.0625
2020-06-01 18:34:08,52806,-24.625,-28.1875,-4.0625
2020-06-01 18:34:08,52806,-24.625,-28.1875,-4.0625
2020-06-01 18:34:08,52806,-24.625,-28.1875,-4.0625
2020-06-01 18:34:08,52806,-24.625,-28.1875,-4.0625
2020-06-01 18:34:08,52806,-24.625,-28.1875,-4.0625
2020-06-01 18:34:08,52806,-24.625,-28.1875,-4.0625
2020-06-01 18:34:08,52806,-24.625,-28.1875,-4.0625
2020-06-01 18:34:08,52806,-24.625,-28.1875,-4.0625
2020-06-01 18:34:08,52806,-24.625,-28.1875,-4.0625
2020-06-01 18:34:08,52806,-24.625,-28.1875,-4.0625
2020-06-01 18:34:08,52806,-24.625,-28.1875,-4.0625
2020-06-01 18:34:08,52806,-24.625,-28.1875,-4.0625
2020-06-01 18:34:08,52806,-24.625,-28.1875,-4.0625
2020-06-01 18:34:08,52901,-22.75,-27.8125,-4.4375
2020-06-01 18:34:09,53002,-23.5,-28.5,-2.0625
2020-06-01 18:34:09,53101,-23.5,-28.5,-2.0625
2020-06-01 18:34:09,53201,-23.5,-26.6875,0.75
2020-06-01 18:34:09,53301,-23.5,-21.125,-0.0625
2020-06-01 18:34:09,53401,-21.625,-20.0,-6.5
2020-06-01 18:34:09,53501,-22.75,-19.25,-0.0625
2020-06-01 18:34:09,53602,-24.625,-19.625,-0.875
2020-06-01 18:34:09,53701,-25.3125,-19.625,-0.0625
2020-06-01 18:34:09,53801,-25.0,-20.0,-0.4375
2020-06-01 18:34:09,53901,-24.625,-20.375,-1.6875
2020-06-01 18:34:10,54001,-23.875,-18.875,-0.4375
2020-06-01 18:34:10,54101,-23.5,-20.0,0.3125
2020-06-01 18:34:10,54202,-23.5,-19.625,-0.0625
2020-06-01 18:34:10,54301,-22.375,-20.75,0.75
2020-06-01 18:34:10,54401,-22.75,-20.375,-0.875
2020-06-01 18:34:10,54501,-21.625,-20.0,0.75
2020-06-01 18:34:10,54601,-23.875,-20.375,-0.0625
2020-06-01 18:34:10,54702,-23.125,-20.0,-0.0625
2020-06-01 18:34:10,54801,-22.375,-20.375,-0.4375
2020-06-01 18:34:10,54901,-23.875,-20.0,1.5625
2020-06-01 18:34:11,55001,-23.5,-20.0,0.3125
2020-06-01 18:34:11,55102,-22.375,-19.625,-0.0625
2020-06-01 18:34:11,55201,-24.25,-20.0,0.3125
2020-06-01 18:34:11,55301,-22.375,-20.0,1.5625
2020-06-01 18:34:11,55401,-22.75,-20.0,0.3125
2020-06-01 18:34:11,55502,-22.75,-20.0,0.3125
2020-06-01 18:34:11,55601,-23.875,-20.375,1.125
2020-06-01 18:34:11,55701,-22.75,-20.0,-0.4375
2020-06-01 18:34:11,55801,-22.75,-19.625,0.3125
2020-06-01 18:34:11,55902,-23.875,-19.625,0.75
2020-06-01 18:34:12,56001,-22.75,-20.375,-0.0625
2020-06-01 18:34:12,56101,-24.25,-20.0,-0.0625
2020-06-01 18:34:12,56201,-23.875,-19.625,0.3125
2020-06-01 18:34:12,56302,-23.125,-20.0,-0.4375
2020-06-01 18:34:12,56401,-21.625,-20.375,0.75
2020-06-01 18:34:12,56502,-22.0,-20.75,1.125
2020-06-01 18:34:12,56601,-22.0,-20.375,0.75
2020-06-01 18:34:12,56702,-22.375,-19.625,1.125
2020-06-01 18:34:12,56802,-22.75,-19.25,1.125
2020-06-01 18:34:12,56901,-22.75,-20.0,1.125
2020-06-01 18:34:13,57001,-21.625,-20.0,0.3125
2020-06-01 18:34:13,57101,-22.75,-20.0,0.75
2020-06-01 18:34:13,57202,-22.0,-20.75,-0.0625
2020-06-01 18:34:13,57301,-23.5,-21.125,-0.4375
2020-06-01 18:34:13,57401,-23.125,-20.375,0.3125
2020-06-01 18:34:13,57501,-21.625,-20.375,-0.875
2020-06-01 18:34:13,57602,-23.5,-20.0,0.3125
2020-06-01 18:34:13,57701,-24.25,-20.375,0.3125
2020-06-01 18:34:13,57801,-22.0,-20.375,-0.4375
2020-06-01 18:34:13,57901,-22.375,-19.25,1.125
2020-06-01 18:34:14,58002,-21.25,-20.375,0.3125
2020-06-01 18:34:14,58101,-22.0,-20.75,-0.0625
2020-06-01 18:34:14,58201,-22.0,-20.375,0.3125
2020-06-01 18:34:14,58302,-23.125,-20.375,0.3125
2020-06-01 18:34:14,58401,-22.0,-20.375,-0.4375
2020-06-01 18:34:14,58501,-21.625,-20.375,1.125
2020-06-01 18:34:14,58601,-21.625,-21.125,-0.0625
2020-06-01 18:34:14,58702,-22.75,-21.125,0.75
2020-06-01 18:34:14,58801,-21.25,-21.0625,0.75
2020-06-01 18:34:14,58901,-21.25,-21.125,0.3125
2020-06-01 18:34:15,59002,-22.75,-21.8125,1.125
2020-06-01 18:34:15,59101,-22.75,-21.125,0.3125
2020-06-01 18:34:15,59201,-21.25,-21.4375,0.3125
2020-06-01 18:34:15,59301,-22.75,-21.125,0.75
2020-06-01 18:34:15,59402,-22.375,-19.625,-0.0625
2020-06-01 18:34:15,59501,-22.75,-20.75,0.375
2020-06-01 18:34:15,59601,-21.25,-21.125,-0.0625
2020-06-01 18:34:15,59702,-22.375,-21.8125,-0.0625
2020-06-01 18:34:15,59801,-21.25,-21.8125,1.125
2020-06-01 18:34:15,59902,-22.375,-20.75,0.3125
2020-06-01 18:34:16,60001,-22.0,-21.0625,0.3125
2020-06-01 18:34:16,60101,-21.625,-20.75,1.125
2020-06-01 18:34:16,60201,-22.75,-20.75,0.75
2020-06-01 18:34:16,60301,-22.0,-20.75,1.125
2020-06-01 18:34:16,60402,-22.0,-21.5,-1.25
2020-06-01 18:34:16,60501,-22.75,-22.1875,0.3125
2020-06-01 18:34:16,60601,-23.125,-21.125,-0.0625
2020-06-01 18:34:16,60701,-21.625,-21.4375,1.5625
2020-06-01 18:34:29,73805,-23.5,-20.75,1.125
2020-06-01 18:34:29,73805,-23.5,-20.75,1.125
2020-06-01 18:34:29,73805,-23.5,-20.75,1.125
2020-06-01 18:34:29,73805,-23.5,-20.75,1.125
2020-06-01 18:34:29,73805,-23.5,-20.75,1.125
2020-06-01 18:34:29,73805,-23.5,-20.75,1.125
2020-06-01 18:34:29,73805,-23.5,-20.75,1.125
2020-06-01 18:34:29,73805,-23.5,-20.75,1.125
2020-06-01 18:34:29,73805,-23.5,-20.75,1.125
2020-06-01 18:34:29,73805,-23.5,-20.75,1.125
2020-06-01 18:34:29,73805,-23.5,-20.75,1.125
2020-06-01 18:34:29,73805,-23.5,-20.75,1.125
2020-06-01 18:34:29,73805,-23.5,-20.75,1.125
2020-06-01 18:34:29,73805,-23.5,-20.75,1.125
2020-06-01 18:34:29,73805,-23.5,-20.75,1.125
2020-06-01 18:34:29,73805,-23.5,-20.75,1.125
2020-06-01 18:34:29,73805,-23.5,-20.75,1.125
2020-06-01 18:34:29,73805,-23.5,-20.75,1.125
2020-06-01 18:34:29,73805,-23.5,-20.75,1.125
2020-06-01 18:34:29,73805,-23.5,-20.75,1.125
2020-06-01 18:34:29,73805,-23.5,-20.75,1.125
2020-06-01 18:34:29,73805,-23.5,-20.75,1.125
2020-06-01 18:34:29,73805,-23.5,-20.75,1.125
2020-06-01 18:34:29,73805,-23.5,-20.75,1.125
2020-06-01 18:34:29,73805,-23.5,-20.75,1.125
2020-06-01 18:34:29,73805,-23.5,-20.75,1.125
2020-06-01 18:34:29,73805,-23.5,-20.75,1.125
2020-06-01 18:34:29,73805,-23.5,-20.75,1.125
2020-06-01 18:34:29,73805,-23.5,-20.75,1.125
2020-06-01 18:34:29,73805,-23.5,-20.75,1.125
2020-06-01 18:34:29,73805,-23.5,-20.75,1.125
2020-06-01 18:34:29,73805,-23.5,-20.75,1.125
2020-06-01 18:34:29,73805,-23.5,-20.75,1.125
2020-06-01 18:34:29,73805,-23.5,-20.75,1.125
2020-06-01 18:34:29,73805,-23.5,-20.75,1.125
2020-06-01 18:34:29,73805,-23.5,-20.75,1.125
2020-06-01 18:34:29,73805,-23.5,-20.75,1.125
2020-06-01 18:34:29,73805,-23.5,-20.75,1.125
2020-06-01 18:34:29,73805,-23.5,-20.75,1.125
2020-06-01 18:34:29,73805,-23.5,-20.75,1.125
2020-06-01 18:34:29,73805,-23.5,-20.75,1.125
2020-06-01 18:34:29,73805,-23.5,-20.75,1.125
2020-06-01 18:34:29,73805,-23.5,-20.75,1.125
2020-06-01 18:34:29,73805,-23.5,-20.75,1.125
2020-06-01 18:34:29,73805,-23.5,-20.75,1.125
2020-06-01 18:34:29,73805,-23.5,-20.75,1.125
2020-06-01 18:34:29,73805,-23.5,-20.75,1.125
2020-06-01 18:34:29,73805,-23.5,-20.75,1.125
2020-06-01 18:34:29,73805,-23.5,-20.75,1.125
2020-06-01 18:34:29,73805,-23.5,-20.75,1.125
2020-06-01 18:34:29,73805,-23.5,-20.75,1.125
2020-06-01 18:34:29,73805,-23.5,-20.75,1.125
2020-06-01 18:34:29,73805,-23.5,-20.75,1.125
2020-06-01 18:34:29,73805,-23.5,-20.75,1.125
2020-06-01 18:34:29,73805,-23.5,-20.75,1.125
2020-06-01 18:34:29,73805,-23.5,-20.75,1.125
2020-06-01 18:34:29,73805,-23.5,-20.75,1.125
2020-06-01 18:34:29,73805,-23.5,-20.75,1.125
2020-06-01 18:34:29,73805,-23.5,-20.75,1.125
2020-06-01 18:34:29,73805,-23.5,-20.75,1.125
2020-06-01 18:34:29,73805,-23.5,-20.75,1.125
2020-06-01 18:34:29,73805,-23.5,-20.75,1.125
2020-06-01 18:34:29,73805,-23.5,-20.75,1.125
2020-06-01 18:34:29,73805,-23.5,-20.75,1.125
2020-06-01 18:34:29,73805,-23.5,-20.75,1.125
2020-06-01 18:34:29,73805,-23.5,-20.75,1.125
2020-06-01 18:34:29,73805,-23.5,-20.75,1.125
2020-06-01 18:34:29,73805,-23.5,-20.75,1.125
2020-06-01 18:34:29,73805,-23.5,-20.75,1.125
2020-06-01 18:34:29,73805,-23.5,-20.75,1.125
2020-06-01 18:34:29,73805,-23.5,-20.75,1.125
2020-06-01 18:34:29,73805,-23.5,-20.75,1.125
2020-06-01 18:34:29,73805,-23.5,-20.75,1.125
2020-06-01 18:34:29,73805,-23.5,-20.75,1.125
2020-06-01 18:34:29,73805,-23.5,-20.75,1.125
2020-06-01 18:34:29,73805,-23.5,-20.75,1.125
2020-06-01 18:34:29,73805,-23.5,-20.75,1.125
2020-06-01 18:34:29,73805,-23.5,-20.75,1.125
2020-06-01 18:34:29,73805,-23.5,-20.75,1.125
2020-06-01 18:34:29,73805,-23.5,-20.75,1.125
2020-06-01 18:34:29,73805,-23.5,-20.75,1.125
2020-06-01 18:34:29,73805,-23.5,-20.75,1.125
2020-06-01 18:34:29,73806,-23.5,-20.75,1.125
2020-06-01 18:34:29,73806,-23.5,-20.75,1.125
2020-06-01 18:34:29,73806,-23.5,-20.75,1.125
2020-06-01 18:34:29,73806,-23.5,-20.75,1.125
2020-06-01 18:34:29,73806,-23.5,-20.75,1.125
2020-06-01 18:34:29,73806,-23.5,-20.75,1.125
2020-06-01 18:34:29,73806,-23.5,-20.75,1.125
2020-06-01 18:34:29,73806,-23.5,-20.75,1.125
2020-06-01 18:34:29,73806,-23.5,-20.75,1.125
2020-06-01 18:34:29,73806,-23.5,-20.75,1.125
2020-06-01 18:34:29,73806,-23.5,-20.75,1.125
2020-06-01 18:34:29,73806,-23.5,-20.75,1.125
2020-06-01 18:34:29,73806,-23.5,-20.75,1.125
2020-06-01 18:34:29,73806,-23.5,-20.75,1.125
2020-06-01 18:34:29,73806,-23.5,-20.75,1.125
2020-06-01 18:34:29,73806,-23.5,-20.75,1.125
2020-06-01 18:34:29,73806,-23.5,-20.75,1.125
2020-06-01 18:34:29,73806,-23.5,-20.75,1.125
2020-06-01 18:34:29,73806,-23.5,-20.75,1.125
2020-06-01 18:34:29,73806,-23.5,-20.75,1.125
2020-06-01 18:34:29,73806,-23.5,-20.75,1.125
2020-06-01 18:34:29,73806,-23.5,-20.75,1.125
2020-06-01 18:34:29,73806,-23.5,-20.75,1.125
2020-06-01 18:34:29,73806,-23.5,-20.75,1.125
2020-06-01 18:34:29,73806,-23.5,-20.75,1.125
2020-06-01 18:34:29,73806,-23.5,-20.75,1.125
2020-06-01 18:34:29,73806,-23.5,-20.75,1.125
2020-06-01 18:34:29,73806,-23.5,-20.75,1.125
2020-06-01 18:34:29,73806,-23.5,-20.75,1.125
2020-06-01 18:34:29,73806,-23.5,-20.75,1.125
2020-06-01 18:34:29,73806,-23.5,-20.75,1.125
2020-06-01 18:34:29,73806,-23.5,-20.75,1.125
2020-06-01 18:34:29,73806,-23.5,-20.75,1.125
2020-06-01 18:34:29,73806,-23.5,-20.75,1.125
2020-06-01 18:34:29,73806,-23.5,-20.75,1.125
2020-06-01 18:34:29,73806,-23.5,-20.75,1.125
2020-06-01 18:34:29,73806,-23.5,-20.75,1.125
2020-06-01 18:34:29,73806,-23.5,-20.75,1.125
2020-06-01 18:34:29,73806,-23.5,-20.75,1.125
2020-06-01 18:34:29,73806,-23.5,-20.75,1.125
2020-06-01 18:34:29,73806,-23.5,-20.75,1.125
2020-06-01 18:34:29,73806,-23.5,-20.75,1.125
2020-06-01 18:34:29,73806,-23.5,-20.75,1.125
2020-06-01 18:34:29,73806,-23.5,-20.75,1.125
2020-06-01 18:34:29,73806,-23.5,-20.75,1.125
2020-06-01 18:34:29,73806,-23.5,-20.75,1.125
2020-06-01 18:34:29,73806,-23.5,-20.75,1.125
2020-06-01 18:34:29,73806,-23.5,-20.75,1.125
2020-06-01 18:34:29,73806,-23.5,-20.75,1.125
2020-06-01 18:34:29,73901,-25.6875,-26.3125,-0.0625
2020-06-01 18:34:30,74001,-25.0,-27.375,-2.875
2020-06-01 18:34:30,74101,-22.375,-28.125,-3.25
2020-06-01 18:34:30,74202,-23.5,-29.25,0.3125
2020-06-01 18:34:30,74301,-21.625,-19.25,-1.25
2020-06-01 18:34:30,74401,-22.75,-18.5,-6.0625
2020-06-01 18:34:30,74501,-20.875,-21.8125,1.5
2020-06-01 18:34:30,74601,-20.875,-21.8125,1.9375
2020-06-01 18:34:30,74702,-20.875,-21.8125,1.9375
2020-06-01 18:34:30,74801,-19.75,-22.1875,2.75
2020-06-01 18:34:30,74901,-21.625,-21.8125,1.5
2020-06-01 18:34:31,75002,-20.5,-22.1875,1.5
2020-06-01 18:34:31,75102,-21.625,-22.5625,2.3125
2020-06-01 18:34:31,75201,-20.125,-21.4375,1.5
2020-06-01 18:34:31,75301,-20.5,-21.8125,2.3125
2020-06-01 18:34:31,75401,-19.375,-22.5625,0.75
2020-06-01 18:34:31,75501,-21.25,-21.8125,3.125
2020-06-01 18:34:31,75602,-21.25,-21.8125,2.3125
2020-06-01 18:34:31,75702,-19.75,-22.1875,2.3125
2020-06-01 18:34:31,75801,-21.25,-22.5625,1.5
2020-06-01 18:34:31,75902,-21.25,-21.0625,1.9375
2020-06-01 18:34:32,76001,-21.625,-22.1875,2.75
2020-06-01 18:34:32,76102,-21.625,-21.0625,1.5
2020-06-01 18:34:32,76201,-21.25,-21.4375,1.9375
2020-06-01 18:34:32,76302,-21.25,-21.8125,2.3125
2020-06-01 18:34:32,76401,-19.375,-21.4375,2.75
2020-06-01 18:34:32,76502,-21.625,-21.4375,2.3125
2020-06-01 18:34:32,76601,-20.125,-21.8125,2.3125
2020-06-01 18:34:32,76701,-21.25,-22.1875,2.75
2020-06-01 18:34:32,76801,-21.625,-22.1875,2.75
2020-06-01 18:34:32,76901,-20.5,-22.1875,1.5
2020-06-01 18:34:33,77002,-22.375,-22.9375,2.75
2020-06-01 18:34:33,77101,-21.25,-22.5625,2.75
2020-06-01 18:34:33,77201,-19.75,-20.6875,2.3125
2020-06-01 18:34:33,77302,-21.25,-21.0625,2.75
2020-06-01 18:34:33,77401,-20.875,-20.6875,1.5
2020-06-01 18:34:33,77502,-20.875,-21.4375,1.5
2020-06-01 18:34:33,77601,-22.75,-20.6875,1.125
2020-06-01 18:34:33,77701,-21.25,-21.8125,1.9375
2020-06-01 18:34:33,77801,-23.125,-20.375,-0.5
2020-06-01 18:34:33,77901,-22.75,-20.0,0.75
2020-06-01 18:34:34,78001,-23.125,-20.375,1.9375
2020-06-01 18:34:34,78102,-21.25,-19.625,1.9375
2020-06-01 18:34:34,78201,-21.25,-21.8125,1.125
2020-06-01 18:34:34,78301,-21.625,-20.6875,1.9375
2020-06-01 18:34:34,78401,-21.25,-20.375,1.125
2020-06-01 18:34:34,78502,-21.625,-21.0625,2.3125
2020-06-01 18:34:34,78601,-20.5,-20.375,0.75
2020-06-01 18:34:34,78701,-21.25,-20.6875,1.9375
2020-06-01 18:34:34,78802,-22.75,-20.0,2.3125
2020-06-01 18:34:34,78901,-22.75,-19.625,1.125
2020-06-01 18:34:35,79001,-21.625,-21.0625,1.5
2020-06-01 18:34:35,79101,-22.375,-20.375,1.5
2020-06-01 18:34:35,79202,-22.0,-20.0,1.9375
2020-06-01 18:34:35,79301,-22.0,-20.0,2.75
2020-06-01 18:34:35,79401,-22.375,-20.375,1.9375
2020-06-01 18:34:35,79502,-23.125,-20.375,2.3125
2020-06-01 18:34:35,79601,-21.25,-20.6875,1.9375
2020-06-01 18:34:35,79702,-21.25,-20.375,2.3125
2020-06-01 18:34:35,79801,-21.625,-20.6875,1.9375
2020-06-01 18:34:35,79902,-20.875,-20.6875,1.5
2020-06-01 18:34:36,80001,-22.375,-21.0625,1.9375
2020-06-01 18:34:36,80102,-21.25,-20.375,1.9375
2020-06-01 18:34:36,80201,-22.75,-20.6875,1.9375
2020-06-01 18:34:36,80301,-22.375,-20.6875,1.125
2020-06-01 18:34:36,80402,-22.375,-20.375,2.3125
2020-06-01 18:34:36,80501,-21.625,-20.375,2.75
2020-06-01 18:34:36,80601,-21.25,-20.3125,1.5
2020-06-01 18:34:36,80701,-21.25,-20.375,1.9375
2020-06-01 18:34:36,80802,-22.375,-19.25,1.9375
2020-06-01 18:34:36,80901,-21.25,-20.375,1.9375
2020-06-01 18:34:37,81002,-23.125,-20.6875,1.125
2020-06-01 18:34:37,81101,-21.25,-19.625,1.9375
2020-06-01 18:34:37,81201,-21.625,-20.375,1.9375
2020-06-01 18:34:37,81302,-22.0,-20.375,1.5
2020-06-01 18:34:37,81401,-22.375,-20.375,1.5
2020-06-01 18:34:37,81502,-23.125,-20.375,3.125
2020-06-01 18:34:37,81601,-23.875,-20.6875,3.125
2020-06-01 18:34:37,81701,-23.5,-21.0625,1.5
2020-06-01 18:34:37,81802,-22.375,-21.4375,1.5
2020-06-01 18:34:37,81901,-21.625,-20.375,2.75
2020-06-01 18:34:38,82002,-21.25,-21.0625,1.9375
2020-06-01 18:34:38,82101,-21.25,-20.0,2.3125
2020-06-01 18:34:38,82202,-22.0,-20.375,2.75
2020-06-01 18:34:38,82302,-23.125,-19.625,3.5
2020-06-01 18:34:38,82402,-21.25,-20.0,1.9375
2020-06-01 18:34:38,82502,-20.875,-20.6875,1.9375
2020-06-01 18:34:38,82601,-23.125,-20.0,3.125
2020-06-01 18:34:38,82701,-21.625,-20.375,3.125
2020-06-01 18:34:38,82802,-21.25,-19.25,3.5
2020-06-01 18:34:38,82901,-21.625,-21.0625,2.75
2020-06-01 18:34:39,83002,-21.25,-20.375,2.3125
2020-06-01 18:34:39,83101,-20.875,-19.625,3.125
2020-06-01 18:34:39,83202,-21.25,-20.375,3.9375
2020-06-01 18:34:39,83301,-21.25,-20.375,1.9375
2020-06-01 18:34:39,83401,-19.75,-20.375,3.125
2020-06-01 18:34:39,83502,-21.25,-20.6875,3.125
2020-06-01 18:34:39,83601,-22.375,-20.375,2.75
2020-06-01 18:34:39,83702,-22.75,-20.375,3.125
2020-06-01 18:34:39,83801,-22.75,-20.375,1.5
2020-06-01 18:34:39,83902,-20.875,-20.0,2.75
2020-06-01 18:34:40,84001,-21.25,-20.375,2.3125
2020-06-01 18:34:40,84101,-20.875,-20.375,3.9375
2020-06-01 18:34:40,84201,-21.25,-20.6875,3.9375
2020-06-01 18:34:40,84302,-20.875,-19.625,3.125
2020-06-01 18:34:40,84402,-21.625,-20.375,3.5
2020-06-01 18:34:40,84501,-20.5,-20.6875,3.5
2020-06-01 18:34:40,84602,-20.875,-20.375,3.125
2020-06-01 18:34:40,84701,-21.25,-20.375,2.75
2020-06-01 18:34:40,84802,-23.125,-19.625,1.5
2020-06-01 18:34:40,84901,-22.375,-19.625,3.5
2020-06-01 18:34:41,85002,-20.5,-20.375,2.75
2020-06-01 18:34:41,85101,-22.75,-20.6875,2.75
2020-06-01 18:34:41,85202,-22.75,-20.375,2.3125
2020-06-01 18:34:41,85301,-21.625,-20.0,3.5
2020-06-01 18:34:41,85402,-21.625,-20.375,2.75
2020-06-01 18:34:41,85501,-22.375,-19.625,1.9375
2020-06-01 18:34:41,85602,-21.25,-18.875,2.75
2020-06-01 18:34:41,85702,-21.25,-19.25,2.75
2020-06-01 18:34:41,85801,-21.25,-19.25,2.3125
2020-06-01 18:34:41,85902,-22.0,-20.0,3.125
2020-06-01 18:34:42,86001,-21.25,-20.375,2.75
2020-06-01 18:34:42,86102,-21.25,-20.375,2.75
2020-06-01 18:34:42,86201,-21.625,-20.0,2.3125
2020-06-01 18:34:42,86302,-22.0,-20.0,1.5
2020-06-01 18:34:42,86401,-21.25,-20.0,2.75
2020-06-01 18:34:42,86502,-20.875,-20.6875,2.75
2020-06-01 18:34:42,86602,-22.75,-20.0,3.125
2020-06-01 18:34:42,86701,-22.75,-20.0,3.125
2020-06-01 18:34:42,86801,-21.25,-20.6875,3.125
2020-06-01 18:34:42,86901,-23.5,-20.0,3.5
2020-06-01 18:34:43,87002,-22.375,-20.6875,3.5
2020-06-01 18:34:43,87101,-21.25,-21.4375,2.3125
2020-06-01 18:34:43,87202,-22.0,-19.25,2.75
2020-06-01 18:34:43,87301,-21.25,-19.625,3.125
2020-06-01 18:34:43,87401,-20.5,-20.375,2.75
2020-06-01 18:34:43,87502,-21.25,-20.6875,2.75
2020-06-01 18:34:43,87601,-21.625,-21.0625,3.5
2020-06-01 18:34:43,87701,-21.625,-19.625,3.125
2020-06-01 18:34:43,87802,-21.625,-19.625,2.75
2020-06-01 18:34:43,87901,-22.75,-19.625,2.75
2020-06-01 18:34:44,88001,-21.625,-19.625,3.125
2020-06-01 18:34:44,88101,-21.25,-20.0,2.3125
2020-06-01 18:34:44,88202,-23.125,-20.375,2.3125
2020-06-01 18:34:44,88301,-20.875,-20.6875,2.3125
2020-06-01 18:34:44,88401,-21.25,-20.6875,1.9375
2020-06-01 18:34:44,88502,-22.375,-19.625,2.75
2020-06-01 18:34:44,88601,-22.375,-21.0625,2.3125
2020-06-01 18:34:44,88702,-22.0,-20.375,3.5
2020-06-01 18:34:44,88802,-20.875,-20.375,2.3125
2020-06-01 18:34:44,88901,-22.375,-20.375,2.75
2020-06-01 18:34:45,89002,-22.0,-20.375,3.5
2020-06-01 18:34:45,89102,-21.625,-20.0,2.75
2020-06-01 18:34:45,89202,-21.25,-20.375,1.125
2020-06-01 18:34:45,89301,-22.75,-19.625,2.3125
2020-06-01 18:34:45,89402,-22.375,-20.375,2.75
2020-06-01 18:34:45,89502,-22.0,-19.625,2.3125
2020-06-01 18:34:45,89602,-22.0,-20.375,2.3125
2020-06-01 18:34:45,89702,-22.0,-20.0,3.125
2020-06-01 18:34:45,89802,-22.0,-19.625,3.5
2020-06-01 18:34:45,89901,-21.625,-21.0625,3.125
2020-06-01 18:34:46,90002,-21.625,-20.6875,3.125
2020-06-01 18:34:46,90102,-22.0,-21.0625,3.125
2020-06-01 18:34:46,90202,-21.625,-21.0625,1.9375
2020-06-01 18:34:46,90301,-20.875,-21.0625,1.125
2020-06-01 18:34:46,90401,-20.5,-21.0625,3.5
2020-06-01 18:34:46,90502,-20.875,-20.6875,2.75
2020-06-01 18:34:46,90601,-20.5,-21.0625,2.3125
2020-06-01 18:34:46,90702,-20.875,-20.6875,1.5
2020-06-01 18:34:46,90801,-22.0,-21.0625,1.125
2020-06-01 18:34:46,90901,-23.125,-20.6875,2.75
2020-06-01 18:34:47,91001,-22.375,-21.4375,2.3125
2020-06-01 18:34:47,91101,-21.25,-21.0625,1.9375
2020-06-01 18:34:47,91201,-22.375,-20.6875,0.75
2020-06-01 18:34:47,91302,-24.25,-20.6875,2.3125
2020-06-01 18:34:47,91401,-24.625,-20.6875,1.125
2020-06-01 18:34:47,91502,-23.125,-20.6875,1.125
2020-06-01 18:34:47,91601,-23.125,-21.0625,1.5
2020-06-01 18:34:47,91701,-22.0,-20.375,2.3125
2020-06-01 18:34:47,91802,-22.0,-20.375,2.3125
2020-06-01 18:34:47,91901,-24.25,-20.375,2.3125
2020-06-01 18:34:48,92002,-23.875,-20.6875,2.3125
2020-06-01 18:34:48,92101,-22.75,-21.4375,1.5
2020-06-01 18:34:48,92202,-23.125,-20.6875,1.9375
2020-06-01 18:34:48,92301,-24.25,-20.75,1.9375
2020-06-01 18:34:48,92401,-23.5,-21.0625,1.125
2020-06-01 18:34:48,92502,-24.25,-21.4375,1.5
2020-06-01 18:34:48,92601,-23.125,-20.6875,1.5
2020-06-01 18:34:48,92701,-22.375,-21.4375,1.5
2020-06-01 18:34:48,92802,-21.25,-20.375,1.5
2020-06-01 18:34:48,92901,-22.375,-21.0625,1.5
2020-06-01 18:34:49,93001,-21.625,-20.375,1.9375
2020-06-01 18:34:49,93101,-22.0,-20.6875,2.3125
2020-06-01 18:34:49,93201,-22.0,-20.375,2.3125
2020-06-01 18:34:49,93301,-22.0,-20.6875,1.9375
2020-06-01 18:34:49,93402,-22.375,-20.6875,2.3125
2020-06-01 18:34:49,93501,-22.75,-20.6875,2.3125
2020-06-01 18:34:49,93601,-23.875,-21.4375,2.3125
2020-06-01 18:34:49,93702,-22.0,-20.0,3.125
2020-06-01 18:34:49,93801,-22.375,-21.0625,2.75
2020-06-01 18:34:49,93901,-22.0,-20.375,2.3125
2020-06-01 18:34:50,94001,-24.25,-21.8125,1.5
2020-06-01 18:34:50,94102,-22.0,-22.1875,1.125
2020-06-01 18:34:50,94201,-23.125,-20.75,1.125
2020-06-01 18:34:50,94301,-22.75,-20.375,1.125
2020-06-01 18:34:50,94401,-23.125,-20.6875,1.5
2020-06-01 18:34:50,94501,-23.5,-21.0625,1.5
2020-06-01 18:34:50,94602,-21.625,-20.375,1.9375
2020-06-01 18:34:50,94701,-23.5,-20.6875,1.5
2020-06-01 18:34:50,94802,-23.875,-21.4375,0.3125
2020-06-01 18:34:50,94901,-23.875,-20.75,1.9375
2020-06-01 18:34:51,95001,-22.375,-20.375,1.5
2020-06-01 18:34:51,95101,-22.375,-20.375,1.5
2020-06-01 18:34:51,95201,-22.375,-21.4375,3.5625
2020-06-01 18:34:51,95301,-24.25,-20.6875,2.75
2020-06-01 18:34:51,95403,-23.125,-20.75,1.9375
2020-06-01 18:34:51,95501,-23.5,-21.0625,1.125
2020-06-01 18:34:51,95602,-21.625,-20.6875,0.3125
2020-06-01 18:34:51,95701,-22.375,-20.75,3.125
2020-06-01 18:34:51,95801,-23.875,-21.0625,2.75
2020-06-01 18:34:51,95902,-22.375,-20.75,2.3125
2020-06-01 18:34:52,96001,-23.875,-21.8125,1.9375
2020-06-01 18:34:52,96102,-23.5,-21.0625,1.5625
2020-06-01 18:34:52,96201,-23.5,-22.1875,2.75
2020-06-01 18:34:52,96304,-23.125,-20.375,1.9375
2020-06-01 18:34:52,96402,-22.0,-20.375,3.125
2020-06-01 18:34:52,96501,-23.125,-21.0625,1.9375
2020-06-01 18:34:52,96601,-22.375,-20.0,3.125
2020-06-01 18:34:52,96701,-22.75,-20.75,3.125
2020-06-01 18:34:52,96801,-21.25,-20.375,2.75
2020-06-01 18:34:52,96902,-20.875,-20.375,3.5625
2020-06-01 18:34:53,97001,-22.75,-20.375,1.9375
2020-06-01 18:34:53,97101,-22.0,-20.0,1.5625
2020-06-01 18:34:53,97202,-24.625,-21.8125,1.9375
2020-06-01 18:34:53,97301,-23.125,-20.375,1.125
2020-06-01 18:34:53,97401,-21.25,-21.4375,2.3125
2020-06-01 18:34:53,97501,-22.375,-20.75,1.125
2020-06-01 18:34:53,97601,-21.625,-20.0,1.9375
2020-06-01 18:34:53,97701,-21.625,-21.125,2.3125
2020-06-01 18:34:53,97801,-21.25,-21.125,2.75
2020-06-01 18:34:53,97902,-22.75,-21.8125,1.5625
2020-06-01 18:34:54,98001,-21.25,-20.75,1.5625
2020-06-01 18:34:54,98101,-24.25,-21.8125,1.9375
2020-06-01 18:34:54,98201,-24.25,-21.8125,1.9375
2020-06-01 18:34:54,98301,-24.25,-21.8125,1.9375
2020-06-01 18:34:54,98401,-24.25,-21.8125,1.9375
2020-06-01 18:34:54,98502,-24.25,-21.8125,1.9375
2020-06-01 18:34:54,98601,-24.25,-21.8125,1.9375
2020-06-01 18:34:54,98702,-24.25,-21.8125,1.9375
2020-06-01 18:34:54,98801,-24.25,-21.8125,1.9375
2020-06-01 18:34:54,98901,-24.25,-21.8125,1.9375
2020-06-01 18:34:55,99001,-24.25,-21.8125,1.9375
2020-06-01 18:34:55,99102,-24.25,-21.8125,1.9375
2020-06-01 18:34:55,99201,-24.25,-21.8125,1.9375
2020-06-01 18:34:55,99301,-24.25,-21.8125,1.9375
2020-06-01 18:34:55,99401,-24.25,-21.8125,1.9375
2020-06-01 18:34:55,99501,-24.25,-21.8125,1.9375
2020-06-01 18:34:55,99602,-24.25,-21.8125,1.9375
2020-06-01 18:34:55,99701,-24.25,-21.8125,1.9375
2020-06-01 18:34:55,99802,-24.25,-21.8125,1.9375
