Timestamp,Milliseconds,X,Y,Z,cos,headingAccuracy
2020-06-22 11:58:50,1,0.7575812,0.13956518,0.121787384,0.6259075,0.0
2020-06-22 11:58:50,101,0.7574832,0.14009348,0.12245708,0.6257773,0.0
2020-06-22 11:58:50,201,0.7573881,0.14046222,0.12231528,0.6258375,0.0
2020-06-22 11:58:50,301,0.75734437,0.14043725,0.122461624,0.6258674,0.0
2020-06-22 11:58:50,402,0.757376,0.14013265,0.1229362,0.62580436,0.0
2020-06-22 11:58:50,501,0.7574207,0.13982764,0.12341533,0.6257242,0.0
2020-06-22 11:58:51,601,0.7574684,0.13961285,0.12376009,0.62564635,0.0
2020-06-22 11:58:51,701,0.7574883,0.13940838,0.124140814,0.62559235,0.0
2020-06-22 11:58:51,802,0.7575389,0.13919291,0.124508746,0.6255059,0.0
2020-06-22 11:58:51,901,0.7575605,0.13883638,0.12499358,0.62546235,0.0
2020-06-22 11:58:51,1002,0.75763756,0.13845345,0.12555335,0.6253418,0.0
2020-06-22 11:58:51,1101,0.75763667,0.13812044,0.12602864,0.6253209,0.0
2020-06-22 11:58:51,1202,0.7576613,0.13782866,0.12640269,0.62527996,0.0
2020-06-22 11:58:51,1301,0.75766927,0.13772239,0.1265788,0.6252581,0.0
2020-06-22 11:58:51,1401,0.75763303,0.13784088,0.12642252,0.6253075,0.0
2020-06-22 11:58:51,1501,0.75756365,0.1380952,0.12613074,0.62539434,0.0
2020-06-22 11:58:52,1601,0.7575084,0.1383101,0.12587558,0.62546515,0.0
2020-06-22 11:58:52,1701,0.75748026,0.1383844,0.1258592,0.6254861,0.0
2020-06-22 11:58:52,1801,0.75751764,0.13822919,0.1260479,0.62543714,0.0
2020-06-22 11:58:52,1901,0.7575194,0.13804027,0.12638684,0.62540835,0.0
2020-06-22 11:58:52,2002,0.75745213,0.13821161,0.12643178,0.62544286,0.0
2020-06-22 11:58:52,2101,0.7573396,0.13865975,0.12605204,0.6255566,0.0
2020-06-22 11:58:52,2201,0.757247,0.1390824,0.12558706,0.62566847,0.0
2020-06-22 11:58:52,2301,0.7572003,0.13922097,0.1255481,0.62570196,0.0
2020-06-22 11:58:52,2402,0.7573765,0.1381536,0.1268411,0.62546444,0.0
2020-06-22 11:58:52,2501,0.7576535,0.13651703,0.12914012,0.62501776,0.0
2020-06-22 11:58:53,2602,0.75791025,0.13480814,0.13127586,0.62463224,0.0
2020-06-22 11:58:53,2702,0.7581278,0.13354841,0.13296045,0.6242824,0.0
2020-06-22 11:58:53,2802,0.7581717,0.13332278,0.13348088,0.62416637,0.0
2020-06-22 11:58:53,2901,0.7580151,0.13422273,0.13234513,0.62440544,0.0
2020-06-22 11:58:53,3002,0.75780034,0.1351598,0.13134518,0.62467504,0.0
2020-06-22 11:58:53,3101,0.75768584,0.1355546,0.13078913,0.624845,0.0
2020-06-22 11:58:53,3202,0.7576509,0.13593301,0.13034737,0.6248975,0.0
2020-06-22 11:58:53,3301,0.7576455,0.13602558,0.1303754,0.62487805,0.0
2020-06-22 11:58:53,3401,0.7577109,0.13553193,0.13111848,0.62475055,0.0
2020-06-22 11:58:53,3501,0.75783676,0.13458583,0.13223438,0.6245672,0.0
2020-06-22 11:58:54,3602,0.758058,0.13341713,0.13378239,0.62421966,0.0
2020-06-22 11:58:54,3701,0.7582851,0.13191967,0.13564092,0.6238609,0.0
2020-06-22 11:58:54,3801,0.75856984,0.12981774,0.13835302,0.62336,0.0
2020-06-22 11:58:54,3901,0.7589129,0.12689532,0.14183715,0.6227608,0.0
2020-06-22 11:58:54,4002,0.76605237,0.123070225,0.14409167,0.61421096,0.0
2020-06-22 11:58:54,4101,0.76923054,0.12050492,0.14380151,0.6108061,0.0
2020-06-22 11:58:54,4202,0.77421993,0.1172064,0.1367625,0.6067472,0.0
2020-06-22 11:58:54,4301,0.78150463,0.113888025,0.1281432,0.5998828,0.0
2020-06-22 11:58:54,4401,0.797919,0.10698932,0.12233946,0.5804409,0.0
2020-06-22 11:58:54,4502,0.80717915,0.09539126,0.12350188,0.56930625,0.0
2020-06-22 11:58:55,4601,0.8104952,0.0922087,0.13764241,0.56182706,0.0
2020-06-22 11:58:55,4701,0.8104757,0.0958018,0.15533634,0.55661637,0.0
2020-06-22 11:58:55,4801,0.8119189,0.08981829,0.1566685,0.5551354,0.0
2020-06-22 11:58:55,4901,0.8121828,0.087536804,0.16048539,0.55402243,0.0
2020-06-22 11:58:55,5002,0.8118017,0.088718,0.1652606,0.5529883,0.0
2020-06-22 11:58:55,5101,0.81216025,0.08911138,0.16577277,0.5522448,0.0
2020-06-22 11:58:55,5201,0.8148519,0.08753011,0.16565728,0.54855496,0.0
2020-06-22 11:58:55,5301,0.8116282,0.097585574,0.16039366,0.5531822,0.0
2020-06-22 11:58:55,5401,0.8041957,0.09410995,0.15070038,0.5671878,0.0
2020-06-22 11:58:55,5502,0.77107483,0.09216893,0.15849437,0.6097771,0.0
2020-06-22 11:58:56,5601,0.7145742,0.07055196,0.14980082,0.67968065,0.0
2020-06-22 11:58:56,5701,0.6655014,0.048810765,0.13974094,0.73157215,0.0
2020-06-22 11:58:56,5801,0.62809485,0.026675789,0.12883325,0.7669336,0.0
2020-06-22 11:58:56,5902,0.6314974,0.0054219346,0.11370538,0.7669764,0.0
2020-06-22 11:58:56,6001,0.6478938,-0.0011927466,0.10703129,0.75417274,0.0
2020-06-22 11:58:56,6101,0.6608738,-0.0040576784,0.09888092,0.7439436,0.0
2020-06-22 11:58:56,6201,0.7153531,-0.041308645,0.061176833,0.6948532,0.0
2020-06-22 11:58:56,6302,0.7600666,-0.06057686,0.026692137,0.64646477,0.0
2020-06-22 11:58:56,6401,0.7487004,-0.039261647,-0.0060303356,0.6617174,0.0
2020-06-22 11:58:56,6501,0.7655196,-0.042400345,-0.028437452,0.6413838,0.0
2020-06-22 11:58:57,6601,0.77237093,-0.03286554,-0.048666015,0.6324513,0.0
2020-06-22 11:58:57,6702,0.7755338,-0.025061166,-0.05779616,0.6281551,0.0
2020-06-22 11:58:57,6801,0.77629715,-0.023849692,-0.059202857,0.6271275,0.0
2020-06-22 11:58:57,6902,0.77579546,-0.025490822,-0.056211527,0.6279585,0.0
2020-06-22 11:58:57,7001,0.7752591,-0.02777229,-0.05287836,0.62881315,0.0
2020-06-22 11:58:57,7102,0.77499324,-0.029305413,-0.050425146,0.6292726,0.0
2020-06-22 11:58:57,7202,0.77479774,-0.029984955,-0.04888848,0.6296025,0.0
2020-06-22 11:58:57,7301,0.77458376,-0.030317942,-0.04776875,0.6299357,0.0
2020-06-22 11:58:57,7402,0.774242,-0.031092323,-0.046386376,0.6304213,0.0
2020-06-22 11:58:57,7501,0.77382934,-0.032432936,-0.04474014,0.630979,0.0
2020-06-22 11:58:58,7601,0.7733371,-0.03413048,-0.04269939,0.63163406,0.0
2020-06-22 11:58:58,7701,0.7727711,-0.03585281,-0.04054881,0.6323727,0.0
2020-06-22 11:58:58,7802,0.7722804,-0.037488297,-0.038522966,0.63300365,0.0
2020-06-22 11:58:58,7901,0.7719177,-0.038189515,-0.036848817,0.6335035,0.0
2020-06-22 11:58:58,8001,0.77171665,-0.038345262,-0.03629716,0.6337709,0.0
2020-06-22 11:58:58,8101,0.7717389,-0.038282968,-0.03628646,0.6337482,0.0
2020-06-22 11:58:58,8202,0.7717932,-0.038082913,-0.036418784,0.63368654,0.0
2020-06-22 11:58:58,8301,0.7717254,-0.038210463,-0.036153734,0.6337766,0.0
2020-06-22 11:58:58,8402,0.77126807,-0.039515276,-0.034598295,0.63433987,0.0
2020-06-22 11:58:58,8501,0.77065563,-0.041239474,-0.03235234,0.63509256,0.0
2020-06-22 11:58:59,8601,0.7700615,-0.04302887,-0.030012926,0.63580894,0.0
2020-06-22 11:58:59,8701,0.76956975,-0.044425756,-0.028297562,0.6363867,0.0
2020-06-22 11:58:59,8802,0.76936805,-0.045021255,-0.027588774,0.6366198,0.0
2020-06-22 11:58:59,8902,0.7692958,-0.045045175,-0.02744692,0.6367115,0.0
2020-06-22 11:58:59,9001,0.76934904,-0.04495677,-0.027420672,0.63665456,0.0
2020-06-22 11:58:59,9101,0.7693298,-0.044972688,-0.027178483,0.63668704,0.0
2020-06-22 11:58:59,9201,0.76926166,-0.045175772,-0.026814515,0.6367705,0.0
2020-06-22 11:58:59,9302,0.7691011,-0.045620672,-0.026284298,0.6369547,0.0
2020-06-22 11:58:59,9401,0.7689723,-0.046046276,-0.025707208,0.63710326,0.0
2020-06-22 11:58:59,9502,0.7688498,-0.046281707,-0.025328571,0.6372491,0.0
2020-06-22 11:59:00,9601,0.7687831,-0.046506986,-0.02506918,0.6373235,0.0
2020-06-22 11:59:00,9701,0.7686564,-0.046812225,-0.024635233,0.6374709,0.0
2020-06-22 11:59:00,9801,0.7684418,-0.04739837,-0.023966849,0.63771164,0.0
2020-06-22 11:59:00,9902,0.76816297,-0.048158746,-0.023033803,0.6380249,0.0
2020-06-22 11:59:00,10001,0.7675293,-0.05006931,-0.021335145,0.6386992,0.0
2020-06-22 11:59:00,10101,0.766308,-0.054727513,-0.019760057,0.6398332,0.0
2020-06-22 11:59:00,10201,0.764711,-0.061141614,-0.01881982,0.64119,0.0
2020-06-22 11:59:00,10302,0.75966245,-0.063729875,-0.018781947,0.6469148,0.0
2020-06-22 11:59:00,10402,0.7509249,-0.06695286,-0.009920201,0.65691,0.0
2020-06-22 11:59:00,10501,0.7581498,-0.072208874,-0.012457684,0.6479503,0.0
2020-06-22 11:59:01,10602,0.7632033,-0.07345869,-0.012654974,0.6418445,0.0
2020-06-22 11:59:01,10702,0.76470035,-0.06550016,-0.0045305598,0.64103246,0.0
2020-06-22 11:59:01,10801,0.76006293,-0.06512723,0.0055609313,0.6465538,0.0
2020-06-22 11:59:01,10902,0.7609965,-0.05302572,0.008387001,0.6465309,0.0
2020-06-22 11:59:01,11001,0.75642955,-0.04099566,0.010128878,0.65271056,0.0
2020-06-22 11:59:01,11102,0.7507096,-0.020282708,0.02582851,0.6598156,0.0
2020-06-22 11:59:01,11201,0.7498811,0.0073142434,0.037574258,0.6604642,0.0
2020-06-22 11:59:01,11301,0.7477637,0.03719316,0.047820672,0.6611954,0.0
2020-06-22 11:59:01,11401,0.7466863,0.049181286,0.040407564,0.66212386,0.0
2020-06-22 11:59:01,11501,0.74566096,0.0598177,0.035916433,0.6626625,0.0
2020-06-22 11:59:02,11601,0.7450618,0.065355785,0.03663475,0.66277397,0.0
2020-06-22 11:59:02,11703,0.74441445,0.071860485,0.040571954,0.6625988,0.0
2020-06-22 11:59:02,11801,0.74388593,0.07553147,0.04475813,0.66251445,0.0
2020-06-22 11:59:02,11901,0.74338937,0.07926681,0.05188719,0.66211534,0.0
2020-06-22 11:59:02,12002,0.7440823,0.082675345,0.06032773,0.66020215,0.0
2020-06-22 11:59:02,12102,0.7435795,0.08673792,0.06733333,0.65956974,0.0
2020-06-22 11:59:02,12202,0.74281204,0.09418841,0.073856,0.658714,0.0
2020-06-22 11:59:02,12302,0.7439394,0.09871534,0.076325044,0.65649366,0.0
2020-06-22 11:59:02,12401,0.7386501,0.1066567,0.08230129,0.66048986,0.0
2020-06-22 11:59:02,12501,0.73807645,0.11670991,0.0911565,0.65826476,0.0
2020-06-22 11:59:03,12602,0.73699594,0.12573022,0.100781135,0.6564085,0.0
2020-06-22 11:59:03,12701,0.7350949,0.14283837,0.12326703,0.65118194,0.0
2020-06-22 11:59:03,12801,0.7318839,0.16946289,0.15966746,0.6404175,0.0
2020-06-22 11:59:03,12901,0.72267216,0.20927633,0.213513,0.6231858,0.0
2020-06-22 11:59:03,13002,0.72884125,0.20301135,0.23587245,0.60986966,0.0
2020-06-22 11:59:03,13101,0.72903264,0.20576072,0.25260255,0.60196835,0.0
2020-06-22 11:59:03,13201,0.72792953,0.21612689,0.26134625,0.5959076,0.0
2020-06-22 11:59:03,13302,0.72428244,0.23107186,0.26010787,0.59528536,0.0
2020-06-22 11:59:03,13401,0.7212741,0.24225196,0.2592234,0.59487885,0.0
2020-06-22 11:59:03,13501,0.7175392,0.25317112,0.26050282,0.59428966,0.0
2020-06-22 11:59:04,13602,0.7146633,0.26096034,0.2648786,0.5924486,0.0
2020-06-22 11:59:04,13701,0.71354127,0.2633491,0.2696374,0.5905944,0.0
2020-06-22 11:59:04,13802,0.7129133,0.26346624,0.27401394,0.58928484,0.0
2020-06-22 11:59:04,13901,0.7135621,0.26075232,0.27858397,0.5875613,0.0
2020-06-22 11:59:04,14001,0.7147321,0.25743207,0.28091645,0.5864918,0.0
2020-06-22 11:59:04,14101,0.7159295,0.2543313,0.28354153,0.5851194,0.0
2020-06-22 11:59:04,14202,0.71565914,0.253073,0.28785187,0.58388984,0.0
2020-06-22 11:59:04,14301,0.71810037,0.25507185,0.29664025,0.57556474,0.0
2020-06-22 11:59:04,14401,0.70585334,0.27725366,0.33062774,0.56177115,0.0
2020-06-22 11:59:04,14501,0.6957147,0.29278305,0.3516636,0.5537073,0.0
2020-06-22 11:59:05,14602,0.6995337,0.28561223,0.34383395,0.557545,0.0
2020-06-22 11:59:05,14701,0.70332414,0.28149572,0.3306478,0.56282085,0.0
2020-06-22 11:59:05,14801,0.70652807,0.280138,0.31622598,0.56775165,0.0
2020-06-22 11:59:05,14902,0.7120487,0.2723833,0.29656383,0.5751903,0.0
2020-06-22 11:59:05,15001,0.73049426,0.23495239,0.23797722,0.5954346,0.0
2020-06-22 11:59:05,15101,0.7444443,0.19654992,0.18011446,0.6121516,0.0
2020-06-22 11:59:05,15202,0.74371254,0.20008081,0.1767374,0.61288106,0.0
2020-06-22 11:59:05,15301,0.74394196,0.19835365,0.17740352,0.61297154,0.0
2020-06-22 11:59:05,15401,0.7446864,0.19530475,0.18111429,0.61196065,0.0
2020-06-22 11:59:05,15501,0.7456621,0.19076292,0.18397903,0.61135036,0.0
2020-06-22 11:59:06,15602,0.7465333,0.18685317,0.18626049,0.6108036,0.0
2020-06-22 11:59:06,15701,0.74713737,0.1840722,0.18748944,0.6105333,0.0
2020-06-22 11:59:06,15801,0.7477822,0.18146454,0.1885547,0.61019635,0.0
2020-06-22 11:59:06,15902,0.7483627,0.17899258,0.18764992,0.6104936,0.0
2020-06-22 11:59:06,16001,0.74878037,0.17752065,0.18526877,0.61113816,0.0
2020-06-22 11:59:06,16101,0.74916816,0.17602034,0.18251461,0.61192507,0.0
2020-06-22 11:59:06,16201,0.74961334,0.17431892,0.18015333,0.61256635,0.0
2020-06-22 11:59:06,16301,0.7500064,0.17275186,0.17827417,0.6130787,0.0
2020-06-22 11:59:06,16402,0.75038564,0.17114289,0.17656834,0.61355937,0.0
2020-06-22 11:59:06,16501,0.75079495,0.16953817,0.17471214,0.61403537,0.0
2020-06-22 11:59:07,16601,0.7511578,0.16803057,0.17266394,0.6145851,0.0
2020-06-22 11:59:07,16701,0.75123227,0.16767363,0.17141618,0.6149408,0.0
2020-06-22 11:59:07,16802,0.7514728,0.16659854,0.1695018,0.6154695,0.0
2020-06-22 11:59:07,16901,0.7518053,0.16528462,0.16728544,0.6160238,0.0
2020-06-22 11:59:07,17001,0.7520797,0.16434914,0.16565901,0.61637855,0.0
2020-06-22 11:59:07,17102,0.7524844,0.16237381,0.16419718,0.6167992,0.0
2020-06-22 11:59:07,17201,0.75296444,0.15991437,0.16421907,0.61685014,0.0
2020-06-22 11:59:07,17302,0.75324196,0.15833439,0.16588944,0.6164718,0.0
2020-06-22 11:59:07,17402,0.75376284,0.1555385,0.1673142,0.61616176,0.0
2020-06-22 11:59:07,17501,0.7543072,0.15242825,0.16857052,0.6159304,0.0
2020-06-22 11:59:08,17602,0.75477445,0.14941324,0.17004171,0.6156924,0.0
2020-06-22 11:59:08,17702,0.7552592,0.14656912,0.17122366,0.61545384,0.0
2020-06-22 11:59:08,17802,0.7556503,0.1440963,0.17097546,0.6156267,0.0
2020-06-22 11:59:08,17902,0.7557439,0.14349447,0.16950978,0.6160576,0.0
2020-06-22 11:59:08,18001,0.7557119,0.14379644,0.16701542,0.6167073,0.0
2020-06-22 11:59:08,18102,0.7558536,0.14312778,0.16496694,0.61724037,0.0
2020-06-22 11:59:08,18203,0.75604725,0.14241567,0.1633419,0.61759996,0.0
2020-06-22 11:59:08,18301,0.7560582,0.14274599,0.16218504,0.61781514,0.0
2020-06-22 11:59:08,18401,0.75611836,0.14265852,0.16057935,0.61818105,0.0
2020-06-22 11:59:08,18502,0.7560587,0.1430237,0.15990251,0.61834514,0.0
2020-06-22 11:59:09,18601,0.756114,0.1424607,0.15958932,0.6184883,0.0
2020-06-22 11:59:09,18702,0.75619894,0.14152928,0.15912049,0.61871904,0.0
2020-06-22 11:59:09,18801,0.7582455,0.14076878,0.15693142,0.61694443,0.0
2020-06-22 11:59:09,18902,0.76052684,0.14199373,0.15249786,0.6149643,0.0
2020-06-22 11:59:09,19002,0.76758707,0.14299345,0.14539176,0.6076382,0.0
2020-06-22 11:59:09,19101,0.7713685,0.14344232,0.13909061,0.6042092,0.0
2020-06-22 11:59:09,19202,0.7819143,0.14282465,0.13166672,0.5923471,0.0
2020-06-22 11:59:09,19301,0.79247457,0.1432089,0.12746802,0.5789881,0.0
2020-06-22 11:59:09,19402,0.7958398,0.14603926,0.13180494,0.57265955,0.0
2020-06-22 11:59:09,19502,0.8015125,0.14861548,0.13861696,0.56238467,0.0
2020-06-22 11:59:10,19601,0.80131584,0.14855322,0.1475378,0.5604083,0.0
2020-06-22 11:59:10,19702,0.80046034,0.14573161,0.14981514,0.5617659,0.0
2020-06-22 11:59:10,19802,0.7986691,0.14357197,0.15168339,0.56436414,0.0
2020-06-22 11:59:10,19901,0.798919,0.14547175,0.15099308,0.56370866,0.0
2020-06-22 11:59:10,20002,0.8004134,0.14933652,0.15095568,0.5605795,0.0
2020-06-22 11:59:10,20101,0.80429065,0.1523065,0.1509688,0.55419105,0.0
2020-06-22 11:59:10,20202,0.80370694,0.15076193,0.15490977,0.55437255,0.0
2020-06-22 11:59:10,20302,0.8075405,0.1469547,0.1641132,0.5471285,0.0
2020-06-22 11:59:10,20402,0.8039851,0.14400241,0.17843336,0.54866457,0.0
2020-06-22 11:59:10,20501,0.7874397,0.14652699,0.2027654,0.56334245,0.0
2020-06-22 11:59:11,20601,0.7095043,0.1310788,0.22511832,0.6547853,0.0
2020-06-22 11:59:11,20702,0.6441513,0.1421552,0.2357846,0.71362925,0.0
2020-06-22 11:59:11,20801,0.6371315,0.14472003,0.24563912,0.7160873,0.0
2020-06-22 11:59:11,20902,0.66350776,0.13023713,0.22386274,0.7019125,0.0
2020-06-22 11:59:11,21001,0.70917416,0.12121756,0.19432628,0.6667951,0.0
2020-06-22 11:59:11,21102,0.76929456,0.10068939,0.1523303,0.6122443,0.0
2020-06-22 11:59:11,21201,0.78849596,0.03964482,0.057955466,0.6110185,0.0
2020-06-22 11:59:11,21302,0.7717229,0.053296935,0.06678374,0.6301929,0.0
2020-06-22 11:59:11,21401,0.7818288,0.047383778,0.059991647,0.6187887,0.0
2020-06-22 11:59:11,21501,0.7859853,0.05496074,0.042500943,0.614329,0.0
2020-06-22 11:59:12,21601,0.788465,0.056536067,0.04775474,0.6106112,0.0
2020-06-22 11:59:12,21702,0.7905571,0.05542656,0.048191726,0.6079679,0.0
2020-06-22 11:59:12,21801,0.78996056,0.05179211,0.052022446,0.6087475,0.0
2020-06-22 11:59:12,21901,0.7897009,0.048304707,0.05635197,0.60898566,0.0
2020-06-22 11:59:12,22002,0.7895607,0.04488949,0.060374066,0.6090434,0.0
2020-06-22 11:59:12,22101,0.7893427,0.042411983,0.06338282,0.60919785,0.0
2020-06-22 11:59:12,22201,0.7892145,0.04110448,0.0649862,0.6092846,0.0
2020-06-22 11:59:12,22302,0.7891758,0.041008715,0.06512083,0.6093268,0.0
2020-06-22 11:59:12,22401,0.7891964,0.041390635,0.06459072,0.6093307,0.0
2020-06-22 11:59:12,22501,0.7891825,0.04145038,0.06444183,0.6093604,0.0
2020-06-22 11:59:13,22602,0.7891326,0.04103895,0.065005176,0.60939306,0.0
2020-06-22 11:59:13,22701,0.78907067,0.040444452,0.06580923,0.6094267,0.0
2020-06-22 11:59:13,22802,0.7890104,0.039859448,0.066517435,0.6094664,0.0
2020-06-22 11:59:13,22902,0.78894806,0.039366506,0.06714291,0.6095105,0.0
2020-06-22 11:59:13,23001,0.78887933,0.038951818,0.06760698,0.6095748,0.0
2020-06-22 11:59:13,23102,0.7888389,0.038659737,0.06799125,0.609603,0.0
2020-06-22 11:59:13,23202,0.7888055,0.038511895,0.06818255,0.6096342,0.0
2020-06-22 11:59:13,23301,0.78877294,0.03844472,0.06831855,0.60966533,0.0
2020-06-22 11:59:13,23402,0.78870726,0.038493123,0.068366155,0.6097419,0.0
2020-06-22 11:59:13,23502,0.7886647,0.03865906,0.06818477,0.6098068,0.0
2020-06-22 11:59:14,23601,0.788617,0.03891531,0.06792004,0.60988176,0.0
2020-06-22 11:59:14,23702,0.78857976,0.03917318,0.067612104,0.60994756,0.0
2020-06-22 11:59:14,23802,0.7885637,0.03955871,0.06721855,0.6099869,0.0
2020-06-22 11:59:14,23901,0.7885263,0.039977394,0.066759884,0.61005837,0.0
2020-06-22 11:59:14,24002,0.7885374,0.04045061,0.06623105,0.61007047,0.0
2020-06-22 11:59:14,24101,0.78853005,0.040580314,0.06603991,0.6100921,0.0
2020-06-22 11:59:14,24202,0.78847796,0.040105928,0.06654344,0.61013603,0.0
2020-06-22 11:59:14,24302,0.7883958,0.03931916,0.067442134,0.6101947,0.0
2020-06-22 11:59:14,24402,0.78830594,0.0387772,0.06801633,0.6102818,0.0
2020-06-22 11:59:14,24501,0.7882577,0.038265053,0.06862275,0.6103085,0.0
2020-06-22 11:59:15,24601,0.7881604,0.037658412,0.06920566,0.6104061,0.0
2020-06-22 11:59:15,24703,0.7880554,0.037104692,0.069852225,0.6105019,0.0
2020-06-22 11:59:15,24801,0.78799736,0.036357366,0.07052797,0.6105441,0.0
2020-06-22 11:59:15,24902,0.7879016,0.035193425,0.071953155,0.61056966,0.0
2020-06-22 11:59:15,25002,0.7877497,0.03356719,0.07390388,0.61062413,0.0
2020-06-22 11:59:15,25101,0.7875629,0.03201365,0.07581458,0.61071426,0.0
2020-06-22 11:59:15,25202,0.78739905,0.030742759,0.07738444,0.610794,0.0
2020-06-22 11:59:15,25302,0.7872926,0.029876193,0.07845373,0.61083776,0.0
2020-06-22 11:59:15,25402,0.78723145,0.029583884,0.07888646,0.61087507,0.0
2020-06-22 11:59:15,25501,0.78723186,0.029853998,0.0786742,0.6108888,0.0
2020-06-22 11:59:16,25602,0.7872191,0.030258734,0.07822542,0.61094296,0.0
2020-06-22 11:59:16,25701,0.78719854,0.030434078,0.078169994,0.6109678,0.0
2020-06-22 11:59:16,25802,0.7872247,0.030744504,0.07759471,0.6109919,0.0
2020-06-22 11:59:16,25901,0.7873115,0.0326299,0.07573876,0.61101514,0.0
2020-06-22 11:59:16,26001,0.78754604,0.036052134,0.0717125,0.6110064,0.0
2020-06-22 11:59:16,26102,0.7877937,0.040170774,0.06723946,0.6109389,0.0
2020-06-22 11:59:16,26201,0.7878438,0.042541984,0.06283901,0.61118203,0.0
2020-06-22 11:59:16,26301,0.7871157,0.044442125,0.058875374,0.61237854,0.0
2020-06-22 11:59:16,26401,0.7858364,0.038145036,0.043287225,0.6157372,0.0
2020-06-22 11:59:16,26501,0.78170466,0.007165997,-0.007839214,0.62355834,0.0
2020-06-22 11:59:17,26601,0.77613145,-0.03690828,-0.0604436,0.6265815,0.0
2020-06-22 11:59:17,26702,0.7751461,-0.035557847,-0.06392492,0.6275331,0.0
2020-06-22 11:59:17,26801,0.7743854,-0.026577653,-0.054503355,0.62980175,0.0
2020-06-22 11:59:17,26901,0.7750189,-0.018597856,-0.047180187,0.6298999,0.0
2020-06-22 11:59:17,27002,0.7760935,-0.006204002,-0.037203874,0.6294889,0.0
2020-06-22 11:59:17,27101,0.7755694,0.004092764,-0.029460859,0.63056123,0.0
2020-06-22 11:59:17,27201,0.7747298,0.015966287,-0.021416904,0.63172793,0.0
2020-06-22 11:59:17,27301,0.77320045,0.028850222,-0.011941699,0.6333925,0.0
2020-06-22 11:59:17,27401,0.77244264,0.041764215,-0.0013109453,0.6337084,0.0
2020-06-22 11:59:17,27502,0.77657497,0.052424904,0.011061793,0.6277424,0.0
2020-06-22 11:59:18,27601,0.7732246,0.061756145,0.02826204,0.6304849,0.0
2020-06-22 11:59:18,27701,0.77239645,0.07158561,0.047836345,0.62927806,0.0
2020-06-22 11:59:18,27801,0.7728007,0.079606265,0.06567804,0.6262015,0.0
2020-06-22 11:59:18,27902,0.77358586,0.08737239,0.082709335,0.6221657,0.0
2020-06-22 11:59:18,28001,0.7749139,0.09537917,0.10261831,0.61634463,0.0
2020-06-22 11:59:18,28101,0.7719017,0.11622925,0.14659528,0.6075922,0.0
2020-06-22 11:59:18,28202,0.7601089,0.1654538,0.1941706,0.5976264,0.0
2020-06-22 11:59:18,28301,0.74633425,0.20082277,0.22542274,0.593161,0.0
2020-06-22 11:59:18,28401,0.74066675,0.2188395,0.23887536,0.5886091,0.0
2020-06-22 11:59:18,28501,0.735421,0.23519441,0.252411,0.5832052,0.0
2020-06-22 11:59:19,28602,0.73002607,0.25029752,0.26551053,0.57785577,0.0
2020-06-22 11:59:19,28701,0.7254234,0.26338375,0.27702713,0.5724036,0.0
2020-06-22 11:59:19,28802,0.7210895,0.27449527,0.28854054,0.566945,0.0
2020-06-22 11:59:19,28901,0.71807766,0.28102502,0.29940313,0.56191385,0.0
2020-06-22 11:59:19,29001,0.7157396,0.2862152,0.31032863,0.5563217,0.0
2020-06-22 11:59:19,29101,0.7139258,0.29097638,0.32302773,0.5489041,0.0
2020-06-22 11:59:19,29201,0.70664483,0.30419397,0.3427579,0.5391068,0.0
2020-06-22 11:59:19,29301,0.7010168,0.31339678,0.35620028,0.5324278,0.0
2020-06-22 11:59:19,29401,0.6995467,0.31615135,0.35886106,0.53094393,0.0
2020-06-22 11:59:19,29501,0.69846517,0.3191991,0.35850796,0.5307828,0.0
2020-06-22 11:59:20,29601,0.69661146,0.32340395,0.35702187,0.5316745,0.0
2020-06-22 11:59:20,29702,0.69600976,0.32532436,0.35130256,0.5350897,0.0
2020-06-22 11:59:20,29801,0.69509906,0.3281016,0.34611925,0.5379481,0.0
2020-06-22 11:59:20,29901,0.6955887,0.33045927,0.34022,0.5396326,0.0
2020-06-22 11:59:20,30001,0.69586,0.33025736,0.33758914,0.5410568,0.0
2020-06-22 11:59:20,30102,0.69710195,0.3270786,0.33751908,0.5414326,0.0
2020-06-22 11:59:20,30201,0.69918144,0.3225261,0.33855507,0.5408352,0.0
2020-06-22 11:59:20,30301,0.70092547,0.31812474,0.3395793,0.54054236,0.0
2020-06-22 11:59:20,30401,0.7024362,0.31407225,0.3394008,0.54106295,0.0
2020-06-22 11:59:20,30501,0.7036967,0.3110884,0.33836758,0.5417955,0.0
2020-06-22 11:59:21,30601,0.70448965,0.30889127,0.33667675,0.5430739,0.0
2020-06-22 11:59:21,30701,0.705226,0.30747446,0.33396474,0.5445946,0.0
2020-06-22 11:59:21,30801,0.70553905,0.3069248,0.3305818,0.54655963,0.0
2020-06-22 11:59:21,30902,0.7058511,0.3067957,0.3266562,0.5485858,0.0
2020-06-22 11:59:21,31001,0.7065959,0.30559692,0.32256892,0.5507105,0.0
2020-06-22 11:59:21,31102,0.7073754,0.30410737,0.31982747,0.5521314,0.0
2020-06-22 11:59:21,31201,0.70822775,0.30233398,0.317794,0.5531858,0.0
2020-06-22 11:59:21,31301,0.70908594,0.30026394,0.31600118,0.55424,0.0
2020-06-22 11:59:21,31401,0.7098471,0.29838789,0.31470197,0.55501753,0.0
2020-06-22 11:59:21,31502,0.71059436,0.29666638,0.31349114,0.555669,0.0
2020-06-22 11:59:22,31601,0.7112949,0.29496878,0.3122366,0.55638236,0.0
2020-06-22 11:59:22,31701,0.71196204,0.2933174,0.31134003,0.5569042,0.0
2020-06-22 11:59:22,31802,0.7127703,0.2911171,0.31089258,0.55727476,0.0
2020-06-22 11:59:22,31902,0.7136554,0.28862828,0.3108135,0.55748063,0.0
2020-06-22 11:59:22,32001,0.71432865,0.28686666,0.31070837,0.55758625,0.0
2020-06-22 11:59:22,32101,0.71487963,0.28543583,0.30957302,0.55824554,0.0
2020-06-22 11:59:22,32202,0.7149816,0.28535542,0.30832297,0.55884755,0.0
2020-06-22 11:59:22,32302,0.7152574,0.28466266,0.3069698,0.5595923,0.0
2020-06-22 11:59:22,32402,0.71543974,0.28414887,0.30663,0.55980664,0.0
2020-06-22 11:59:22,32501,0.7157791,0.28316265,0.30656496,0.5599081,0.0
2020-06-22 11:59:23,32602,0.71622837,0.281871,0.30649593,0.5600231,0.0
2020-06-22 11:59:23,32702,0.71678084,0.28016704,0.30668196,0.5600695,0.0
2020-06-22 11:59:23,32802,0.7170422,0.27893913,0.30789042,0.5596846,0.0
2020-06-22 11:59:23,32901,0.7171661,0.27792463,0.3087107,0.5595788,0.0
2020-06-22 11:59:23,33002,0.7186076,0.27660197,0.30625278,0.5597354,0.0
2020-06-22 11:59:23,33102,0.72396225,0.27417067,0.29688203,0.55907977,0.0
2020-06-22 11:59:23,33202,0.7337342,0.26532248,0.27609292,0.56125826,0.0
2020-06-22 11:59:23,33301,0.7539992,0.25323066,0.24848853,0.5528227,0.0
2020-06-22 11:59:24,33677,0.76119953,0.24548495,0.23208313,0.5535791,0.0
2020-06-22 11:59:24,33677,0.76119953,0.24548495,0.23208313,0.5535791,0.0
2020-06-22 11:59:24,33677,0.76119953,0.24548495,0.23208313,0.5535791,0.0
2020-06-22 11:59:24,33701,0.76570624,0.2353801,0.2127536,0.5594874,0.0
2020-06-22 11:59:24,33801,0.79102325,0.19957957,0.15494874,0.5571724,0.0
2020-06-22 11:59:24,33901,0.79305387,0.18715698,0.14591719,0.5610222,0.0
2020-06-22 11:59:24,34002,0.79502356,0.17762116,0.14155649,0.56245005,0.0
2020-06-22 11:59:24,34101,0.79155433,0.19077495,0.15975241,0.558145,0.0
2020-06-22 11:59:24,34201,0.78811204,0.20855504,0.16346571,0.55557466,0.0
2020-06-22 11:59:24,34301,0.7876025,0.21515712,0.16839953,0.5522964,0.0
2020-06-22 11:59:24,34402,0.794685,0.22484423,0.16991867,0.5376322,0.0
2020-06-22 11:59:24,34501,0.7936752,0.2262853,0.16921844,0.538739,0.0
2020-06-22 11:59:25,34601,0.7842317,0.22427158,0.17408788,0.5517031,0.0
2020-06-22 11:59:25,34701,0.7786317,0.22169282,0.17769256,0.5594732,0.0
2020-06-22 11:59:25,34801,0.72147465,0.2160965,0.1931694,0.62885785,0.0
2020-06-22 11:59:25,34901,0.6634977,0.21953738,0.20434085,0.6854334,0.0
2020-06-22 11:59:25,35002,0.63743156,0.21717004,0.1983063,0.7121747,0.0
2020-06-22 11:59:25,35101,0.6406486,0.22542754,0.19082448,0.70875794,0.0
2020-06-22 11:59:25,35201,0.66828144,0.231131,0.17732374,0.6844959,0.0
2020-06-22 11:59:25,35301,0.7068099,0.23939328,0.16873513,0.6439248,0.0
2020-06-22 11:59:25,35401,0.72736794,0.24458353,0.17786284,0.6160191,0.0
2020-06-22 11:59:25,35502,0.7047351,0.24628529,0.20278212,0.6336966,0.0
2020-06-22 11:59:26,35601,0.71168053,0.2479154,0.20842506,0.6233842,0.0
2020-06-22 11:59:26,35702,0.73721236,0.2568096,0.2078093,0.5893913,0.0
2020-06-22 11:59:26,35802,0.73174334,0.24889675,0.2149555,0.5969893,0.0
2020-06-22 11:59:26,35901,0.7371744,0.2504114,0.21558598,0.5893986,0.0
2020-06-22 11:59:26,36002,0.7384108,0.25059327,0.2151911,0.5879161,0.0
2020-06-22 11:59:26,36101,0.7400913,0.2515814,0.21485585,0.5854986,0.0
2020-06-22 11:59:26,36202,0.7399815,0.25183257,0.21457031,0.5856342,0.0
2020-06-22 11:59:26,36301,0.73981583,0.2521047,0.21421674,0.5858557,0.0
2020-06-22 11:59:26,36402,0.7397623,0.25206065,0.214313,0.5859071,0.0
2020-06-22 11:59:26,36501,0.739864,0.25155917,0.21491124,0.585775,0.0
2020-06-22 11:59:27,36601,0.7400545,0.25072217,0.21580154,0.5855659,0.0
2020-06-22 11:59:27,36701,0.7402324,0.2499088,0.21682574,0.58531034,0.0
2020-06-22 11:59:27,36802,0.740388,0.24909195,0.21776213,0.58511406,0.0
2020-06-22 11:59:27,36901,0.7404502,0.24856281,0.2183707,0.58503354,0.0
2020-06-22 11:59:27,37001,0.7404365,0.24852926,0.21840754,0.5850514,0.0
2020-06-22 11:59:27,37101,0.7403591,0.24897273,0.21789259,0.58515275,0.0
2020-06-22 11:59:27,37202,0.7401915,0.24969703,0.2170325,0.5853758,0.0
2020-06-22 11:59:27,37301,0.7399993,0.25047207,0.21601063,0.5856656,0.0
2020-06-22 11:59:27,37401,0.7398109,0.25122234,0.21507137,0.5859279,0.0
2020-06-22 11:59:27,37502,0.7397093,0.2517594,0.21438542,0.586077,0.0
2020-06-22 11:59:28,37601,0.73965514,0.25187778,0.21423346,0.58615005,0.0
2020-06-22 11:59:28,37701,0.73966223,0.25177562,0.21441473,0.58611876,0.0
2020-06-22 11:59:28,37801,0.7396059,0.25176796,0.21442786,0.58618826,0.0
2020-06-22 11:59:28,37902,0.73957413,0.25174904,0.21448402,0.586216,0.0
2020-06-22 11:59:28,38002,0.7395189,0.2518988,0.21426967,0.58629966,0.0
2020-06-22 11:59:28,38102,0.7393935,0.2524841,0.2136161,0.58644456,0.0
2020-06-22 11:59:28,38201,0.73925924,0.25308388,0.2129375,0.58660203,0.0
2020-06-22 11:59:28,38302,0.7391134,0.25359398,0.21232149,0.5867888,0.0
2020-06-22 11:59:28,38401,0.73896587,0.25417528,0.21170281,0.58694655,0.0
2020-06-22 11:59:28,38502,0.73881924,0.25473094,0.21114466,0.5870913,0.0
2020-06-22 11:59:29,38601,0.7387535,0.25505474,0.21072683,0.58718354,0.0
2020-06-22 11:59:29,38702,0.7386725,0.25523326,0.2106221,0.5872455,0.0
2020-06-22 11:59:29,38801,0.73864925,0.2553159,0.2104103,0.5873147,0.0
2020-06-22 11:59:29,38901,0.7386562,0.25515673,0.21063253,0.5872955,0.0
2020-06-22 11:59:29,39002,0.7388406,0.2544926,0.21140778,0.5870732,0.0
2020-06-22 11:59:29,39102,0.73912734,0.2532054,0.21300985,0.58668953,0.0
2020-06-22 11:59:29,39201,0.7395009,0.25148213,0.21510851,0.5861941,0.0
2020-06-22 11:59:29,39302,0.73989576,0.24951017,0.21745256,0.5856734,0.0
2020-06-22 11:59:29,39402,0.74033827,0.24738044,0.21995658,0.58508223,0.0
2020-06-22 11:59:29,39502,0.7407295,0.24540627,0.22223347,0.58455783,0.0
2020-06-22 11:59:30,39602,0.7409691,0.24410267,0.22379889,0.5842026,0.0
2020-06-22 11:59:30,39701,0.7411165,0.24338469,0.22463003,0.5839962,0.0
2020-06-22 11:59:30,39802,0.7412394,0.24277218,0.2253427,0.5838205,0.0
2020-06-22 11:59:30,39902,0.74143445,0.24170539,0.22663027,0.5835171,0.0
2020-06-22 11:59:30,40002,0.74171644,0.24035229,0.22823456,0.58309215,0.0
2020-06-22 11:59:30,40101,0.7418803,0.23933403,0.22945392,0.582824,0.0
2020-06-22 11:59:30,40202,0.7419786,0.2387359,0.23018631,0.5826553,0.0
2020-06-22 11:59:30,40302,0.74203813,0.23817836,0.23089603,0.58252686,0.0
2020-06-22 11:59:30,40401,0.7421554,0.2373807,0.23194194,0.58228755,0.0
2020-06-22 11:59:30,40502,0.74223787,0.23671943,0.23284128,0.5820926,0.0
2020-06-22 11:59:31,40602,0.7422707,0.2364679,0.23307522,0.5820594,0.0
2020-06-22 11:59:31,40702,0.7421713,0.2367768,0.232811,0.5821663,0.0
2020-06-22 11:59:31,40802,0.74206424,0.23728484,0.23223627,0.5823254,0.0
2020-06-22 11:59:31,40901,0.74195886,0.23770168,0.23175518,0.5824813,0.0
2020-06-22 11:59:31,41002,0.7419065,0.23788965,0.2315219,0.582564,0.0
2020-06-22 11:59:31,41102,0.7418712,0.23790108,0.23158541,0.58257914,0.0
2020-06-22 11:59:31,41202,0.7418685,0.23775052,0.2317634,0.58257324,0.0
2020-06-22 11:59:31,41301,0.74185526,0.23753758,0.23202504,0.58257276,0.0
2020-06-22 11:59:31,41402,0.7418621,0.2373737,0.23225707,0.58253837,0.0
2020-06-22 11:59:31,41502,0.74188286,0.23728837,0.23231706,0.5825228,0.0
2020-06-22 11:59:32,41602,0.7418822,0.23719732,0.23234743,0.5825486,0.0
2020-06-22 11:59:32,41701,0.74190646,0.23718171,0.23236702,0.5825163,0.0
2020-06-22 11:59:32,41801,0.7419014,0.2372081,0.23236614,0.5825124,0.0
2020-06-22 11:59:32,41902,0.74183655,0.23756915,0.23196398,0.58260804,0.0
2020-06-22 11:59:32,42002,0.7417242,0.23834975,0.23108374,0.58278203,0.0
2020-06-22 11:59:32,42102,0.7417092,0.2390354,0.23024984,0.5828504,0.0
2020-06-22 11:59:32,42201,0.7417474,0.23913029,0.23019442,0.5827847,0.0
2020-06-22 11:59:32,42302,0.7417108,0.23844881,0.23108304,0.58275884,0.0
2020-06-22 11:59:32,42401,0.73713255,0.23601633,0.23470302,0.5880871,0.0
2020-06-22 11:59:32,42502,0.7337125,0.23290178,0.23952971,0.59164876,0.0
2020-06-22 11:59:33,42601,0.73304015,0.23045117,0.2438747,0.59166676,0.0
2020-06-22 11:59:33,42702,0.73300153,0.22874635,0.24706703,0.5910514,0.0
2020-06-22 11:59:33,42802,0.73314404,0.22841217,0.24873316,0.59030455,0.0
2020-06-22 11:59:33,42901,0.7331213,0.22900121,0.2491188,0.5899419,0.0
2020-06-22 11:59:33,43001,0.7330882,0.23106574,0.24830142,0.5895224,0.0
2020-06-22 11:59:33,43102,0.73127544,0.23367497,0.24650963,0.5914941,0.0
2020-06-22 11:59:33,43202,0.7300369,0.23831789,0.24187036,0.5930847,0.0
2020-06-22 11:59:33,43302,0.72860855,0.24365424,0.23572347,0.5951442,0.0
2020-06-22 11:59:33,43402,0.72905767,0.24968961,0.23010547,0.59429073,0.0
2020-06-22 11:59:33,43501,0.7363553,0.25946113,0.22012344,0.5848131,0.0
2020-06-22 11:59:34,43602,0.7405264,0.2643481,0.21569626,0.57897836,0.0
2020-06-22 11:59:34,43702,0.7399857,0.26561773,0.21481669,0.5794153,0.0
2020-06-22 11:59:34,43802,0.73201925,0.2683209,0.21850505,0.5868622,0.0
2020-06-22 11:59:34,43901,0.7278091,0.277402,0.2316457,0.58282274,0.0
2020-06-22 11:59:34,44002,0.72322136,0.2875737,0.2486747,0.5765528,0.0
2020-06-22 11:59:34,44102,0.71864384,0.2974121,0.26519006,0.5698871,0.0
2020-06-22 11:59:34,44202,0.7133078,0.30632403,0.28013384,0.5646969,0.0
2020-06-22 11:59:34,44301,0.7078984,0.3160421,0.29323527,0.55947334,0.0
2020-06-22 11:59:34,44402,0.7037918,0.32590917,0.29766443,0.5566473,0.0
2020-06-22 11:59:34,44502,0.6996314,0.3343727,0.3004026,0.55539995,0.0
2020-06-22 11:59:35,44601,0.69669175,0.34001023,0.30176172,0.5549356,0.0
2020-06-22 11:59:35,44702,0.6958308,0.3414301,0.3029626,0.55448955,0.0
2020-06-22 11:59:35,44801,0.69579357,0.34097102,0.3044363,0.5540114,0.0
2020-06-22 11:59:35,44902,0.696059,0.3388865,0.30776042,0.55311966,0.0
2020-06-22 11:59:35,45002,0.697703,0.3343622,0.31111136,0.5519259,0.0
2020-06-22 11:59:35,45101,0.69988644,0.32872224,0.31398576,0.55092067,0.0
2020-06-22 11:59:35,45202,0.70348585,0.32284242,0.31541866,0.5489914,0.0
2020-06-22 11:59:35,45302,0.7054901,0.31759533,0.31503242,0.5497013,0.0
2020-06-22 11:59:35,45401,0.7072438,0.31357783,0.31295523,0.5509394,0.0
2020-06-22 11:59:35,45501,0.7085742,0.31076923,0.30942118,0.5528143,0.0
2020-06-22 11:59:36,45602,0.70973283,0.30843744,0.30523053,0.5549594,0.0
2020-06-22 11:59:36,45701,0.7113256,0.3051854,0.30200666,0.55647975,0.0
2020-06-22 11:59:36,45802,0.71265966,0.30056563,0.3006769,0.5580053,0.0
2020-06-22 11:59:36,45902,0.71446127,0.29620215,0.30065274,0.5580478,0.0
2020-06-22 11:59:36,46001,0.7156401,0.29621747,0.30852452,0.552202,0.0
2020-06-22 11:59:36,46101,0.7090317,0.30849293,0.32268658,0.545875,0.0
2020-06-22 11:59:36,46202,0.712176,0.3020786,0.3157525,0.54941255,0.0
2020-06-22 11:59:36,46301,0.7153125,0.2949335,0.309975,0.5525014,0.0
2020-06-22 11:59:36,46401,0.7222375,0.28027606,0.2953746,0.55908144,0.0
2020-06-22 11:59:36,46501,0.72973824,0.2647795,0.27634135,0.5665769,0.0
2020-06-22 11:59:37,46602,0.73037326,0.26338378,0.2731152,0.5679718,0.0
2020-06-22 11:59:37,46701,0.7307543,0.26206574,0.27078933,0.5692037,0.0
2020-06-22 11:59:37,46802,0.73147976,0.26029903,0.26811564,0.570347,0.0
2020-06-22 11:59:37,46901,0.732151,0.25831077,0.266176,0.5712975,0.0
2020-06-22 11:59:37,47002,0.7328754,0.25637788,0.26406556,0.572218,0.0
2020-06-22 11:59:37,47101,0.7335739,0.25490925,0.26130298,0.5732463,0.0
2020-06-22 11:59:37,47201,0.7341149,0.25374424,0.25818554,0.5744819,0.0
2020-06-22 11:59:37,47301,0.73458517,0.25288728,0.25487652,0.57573485,0.0
2020-06-22 11:59:37,47401,0.73512125,0.25170878,0.25174478,0.5769437,0.0
2020-06-22 11:59:37,47502,0.735739,0.24982166,0.24972303,0.57785434,0.0
2020-06-22 11:59:38,47601,0.73656476,0.24718459,0.2487307,0.57836425,0.0
2020-06-22 11:59:38,47701,0.73743516,0.24415776,0.24808131,0.5788195,0.0
2020-06-22 11:59:38,47801,0.738262,0.2411585,0.2474779,0.579281,0.0
2020-06-22 11:59:38,47901,0.73900074,0.23847495,0.24700102,0.57965344,0.0
2020-06-22 11:59:38,48002,0.7397376,0.2358866,0.24626143,0.58008724,0.0
2020-06-22 11:59:41,51044,0.74003893,0.23485474,0.24593055,0.5802618,0.0
2020-06-22 11:59:41,51044,0.74003893,0.23485474,0.24593055,0.5802618,0.0
2020-06-22 11:59:41,51044,0.74003893,0.23485474,0.24593055,0.5802618,0.0
2020-06-22 11:59:41,51044,0.74003893,0.23485474,0.24593055,0.5802618,0.0
2020-06-22 11:59:41,51044,0.74003893,0.23485474,0.24593055,0.5802618,0.0
2020-06-22 11:59:41,51044,0.74003893,0.23485474,0.24593055,0.5802618,0.0
2020-06-22 11:59:41,51044,0.74003893,0.23485474,0.24593055,0.5802618,0.0
2020-06-22 11:59:41,51044,0.74003893,0.23485474,0.24593055,0.5802618,0.0
2020-06-22 11:59:41,51044,0.74003893,0.23485474,0.24593055,0.5802618,0.0
2020-06-22 11:59:41,51044,0.74003893,0.23485474,0.24593055,0.5802618,0.0
2020-06-22 11:59:41,51044,0.74003893,0.23485474,0.24593055,0.5802618,0.0
2020-06-22 11:59:41,51044,0.74003893,0.23485474,0.24593055,0.5802618,0.0
2020-06-22 11:59:41,51044,0.74003893,0.23485474,0.24593055,0.5802618,0.0
2020-06-22 11:59:41,51044,0.74003893,0.23485474,0.24593055,0.5802618,0.0
2020-06-22 11:59:41,51044,0.74003893,0.23485474,0.24593055,0.5802618,0.0
2020-06-22 11:59:41,51044,0.74003893,0.23485474,0.24593055,0.5802618,0.0
2020-06-22 11:59:41,51044,0.74003893,0.23485474,0.24593055,0.5802618,0.0
2020-06-22 11:59:41,51044,0.74003893,0.23485474,0.24593055,0.5802618,0.0
2020-06-22 11:59:41,51044,0.74003893,0.23485474,0.24593055,0.5802618,0.0
2020-06-22 11:59:41,51044,0.74003893,0.23485474,0.24593055,0.5802618,0.0
2020-06-22 11:59:41,51044,0.74003893,0.23485474,0.24593055,0.5802618,0.0
2020-06-22 11:59:41,51044,0.74003893,0.23485474,0.24593055,0.5802618,0.0
2020-06-22 11:59:41,51044,0.74003893,0.23485474,0.24593055,0.5802618,0.0
2020-06-22 11:59:41,51044,0.74003893,0.23485474,0.24593055,0.5802618,0.0
2020-06-22 11:59:41,51044,0.74003893,0.23485474,0.24593055,0.5802618,0.0
2020-06-22 11:59:41,51044,0.74003893,0.23485474,0.24593055,0.5802618,0.0
2020-06-22 11:59:41,51044,0.74003893,0.23485474,0.24593055,0.5802618,0.0
2020-06-22 11:59:41,51044,0.74003893,0.23485474,0.24593055,0.5802618,0.0
2020-06-22 11:59:41,51044,0.74003893,0.23485474,0.24593055,0.5802618,0.0
2020-06-22 11:59:41,51044,0.74003893,0.23485474,0.24593055,0.5802618,0.0
2020-06-22 11:59:41,51101,0.7437316,0.22168145,0.24016543,0.58313054,0.0
2020-06-22 11:59:41,51201,0.7651093,0.23621348,0.19636482,0.56590796,0.0
2020-06-22 11:59:41,51301,0.7845321,0.21444955,0.19636841,0.54768616,0.0
2020-06-22 11:59:41,51402,0.78012305,0.2232836,0.20250463,0.5482192,0.0
2020-06-22 11:59:41,51501,0.73815095,0.23122667,0.19583644,0.60275656,0.0
2020-06-22 11:59:42,51602,0.6924421,0.23796386,0.21537712,0.64615,0.0
2020-06-22 11:59:42,51702,0.723618,0.254212,0.23118964,0.5985855,0.0
2020-06-22 11:59:42,51801,0.7374728,0.26760465,0.22911867,0.57621723,0.0
2020-06-22 11:59:42,51901,0.7284921,0.27136755,0.22812021,0.5861912,0.0
2020-06-22 11:59:42,52001,0.7293583,0.2732964,0.22654781,0.5848262,0.0
2020-06-22 11:59:42,52102,0.7288923,0.27462992,0.22500125,0.58537924,0.0
2020-06-22 11:59:42,52201,0.7285138,0.27557448,0.2241547,0.5857312,0.0
2020-06-22 11:59:42,52301,0.72844756,0.2756474,0.2241603,0.5857771,0.0
2020-06-22 11:59:42,52401,0.7287373,0.27465907,0.22488157,0.5856044,0.0
2020-06-22 11:59:42,52502,0.7289385,0.2737292,0.2262789,0.58525103,0.0
2020-06-22 11:59:43,52601,0.7292841,0.2724,0.22735757,0.5850226,0.0
2020-06-22 11:59:43,52702,0.7292922,0.2721147,0.22875063,0.5846021,0.0
2020-06-22 11:59:43,52801,0.72937036,0.27171847,0.22935784,0.58445096,0.0
2020-06-22 11:59:43,52902,0.7293455,0.2717079,0.22948307,0.5844377,0.0
2020-06-22 11:59:43,53001,0.72904766,0.27259186,0.22948632,0.5843965,0.0
2020-06-22 11:59:43,53101,0.72884333,0.2733516,0.22873704,0.58459014,0.0
2020-06-22 11:59:43,53202,0.72864956,0.274052,0.22802505,0.584782,0.0
2020-06-22 11:59:43,53301,0.72850657,0.27446645,0.22768971,0.58489627,0.0
2020-06-22 11:59:43,53401,0.72850305,0.2744413,0.22776648,0.5848826,0.0
2020-06-22 11:59:43,53502,0.7285651,0.27409562,0.22820348,0.58479714,0.0
2020-06-22 11:59:44,53601,0.7286584,0.27378312,0.22861485,0.5846666,0.0
2020-06-22 11:59:44,53705,0.7287517,0.27325833,0.22928664,0.5845327,0.0
2020-06-22 11:59:44,53801,0.72883445,0.2728748,0.22968814,0.584451,0.0
2020-06-22 11:59:44,53901,0.7289043,0.27241376,0.23009259,0.5844199,0.0
2020-06-22 11:59:44,54002,0.72894424,0.2722842,0.23018634,0.58439356,0.0
2020-06-22 11:59:44,54102,0.72897476,0.27222383,0.23017171,0.58438945,0.0
2020-06-22 11:59:44,54202,0.7289267,0.272302,0.23009436,0.5844434,0.0
2020-06-22 11:59:44,54302,0.7288842,0.27246273,0.22989947,0.58449817,0.0
2020-06-22 11:59:44,54402,0.7288385,0.2725936,0.22980979,0.58452946,0.0
2020-06-22 11:59:44,54502,0.72859204,0.27334732,0.23013897,0.5843551,0.0
2020-06-22 11:59:45,54604,0.7285133,0.27355808,0.22998369,0.5844158,0.0
2020-06-22 11:59:45,54701,0.7284677,0.27371034,0.22986712,0.58444715,0.0
2020-06-22 11:59:45,54802,0.7284296,0.27378622,0.22970423,0.58452314,0.0
2020-06-22 11:59:45,54901,0.7283761,0.27385458,0.22975343,0.5845385,0.0
2020-06-22 11:59:45,55002,0.7283182,0.2738727,0.22978905,0.58458817,0.0
2020-06-22 11:59:45,55102,0.7283377,0.27383792,0.22980788,0.58457273,0.0
2020-06-22 11:59:45,55202,0.72823155,0.2738157,0.22993563,0.58466524,0.0
2020-06-22 11:59:45,55301,0.7282019,0.2737909,0.22996584,0.58470184,0.0
2020-06-22 11:59:45,55401,0.7281973,0.27374846,0.23002325,0.5847049,0.0
2020-06-22 11:59:45,55502,0.7281881,0.2737287,0.23012035,0.5846874,0.0
2020-06-22 11:59:46,55603,0.72815514,0.27370474,0.23020983,0.5847044,0.0
2020-06-22 11:59:46,55701,0.72813475,0.27359942,0.2303632,0.5847187,0.0
2020-06-22 11:59:46,55801,0.72813857,0.27338505,0.23051047,0.58475614,0.0
2020-06-22 11:59:46,55902,0.7281649,0.27321833,0.23054728,0.5847868,0.0
2020-06-22 11:59:46,56001,0.728206,0.27293506,0.23075287,0.5847869,0.0
2020-06-22 11:59:46,56102,0.72802967,0.27342442,0.23141798,0.5845148,0.0
2020-06-22 11:59:46,56202,0.7280264,0.27338845,0.23149148,0.58450663,0.0
2020-06-22 11:59:46,56301,0.72802305,0.2732555,0.23167561,0.5845,0.0
2020-06-22 11:59:46,56402,0.7280598,0.27309805,0.231967,0.58441216,0.0
2020-06-22 11:59:46,56501,0.72809577,0.27281633,0.23238465,0.58433306,0.0
2020-06-22 11:59:47,56601,0.7280319,0.27295595,0.23359689,0.5838639,0.0
2020-06-22 11:59:47,56701,0.7265649,0.2768966,0.23787443,0.5821061,0.0
2020-06-22 11:59:47,56802,0.71626484,0.3025674,0.2637576,0.57083243,0.0
2020-06-22 11:59:47,56901,0.6968585,0.344011,0.30331454,0.5514027,0.0
2020-06-22 11:59:47,57002,0.68708384,0.3560579,0.30708006,0.5539317,0.0
2020-06-22 11:59:47,57102,0.685327,0.35242873,0.3032656,0.5604916,0.0
2020-06-22 11:59:47,57201,0.6824569,0.34509507,0.3023404,0.5689923,0.0
2020-06-22 11:59:47,57301,0.68079585,0.3332515,0.30518636,0.57647353,0.0
2020-06-22 11:59:47,57402,0.6848268,0.3201871,0.30944884,0.57683086,0.0
2020-06-22 11:59:47,57501,0.68785083,0.3076814,0.3128312,0.5782128,0.0
2020-06-22 11:59:48,57601,0.69116306,0.29685098,0.3127245,0.5799797,0.0
2020-06-22 11:59:48,57702,0.69347495,0.29007763,0.3099806,0.5821164,0.0
2020-06-22 11:59:48,57801,0.69695187,0.2836496,0.30211252,0.5852598,0.0
2020-06-22 11:59:48,57902,0.70416385,0.27231827,0.27798906,0.59390074,0.0
2020-06-22 11:59:48,58001,0.7185506,0.24080266,0.22057468,0.6140407,0.0
2020-06-22 11:59:48,58102,0.7345666,0.20293947,0.15565284,0.62849,0.0
2020-06-22 11:59:48,58201,0.7325279,0.21755151,0.15073156,0.62717956,0.0
2020-06-22 11:59:48,58304,0.7258008,0.22430365,0.14778385,0.6332938,0.0
2020-06-22 11:59:48,58401,0.7213769,0.22929657,0.148276,0.63643754,0.0
2020-06-22 11:59:48,58501,0.7228444,0.24276705,0.16129321,0.6265338,0.0
2020-06-22 11:59:49,58603,0.72339624,0.24203508,0.1711199,0.6235662,0.0
2020-06-22 11:59:49,58701,0.7213933,0.2500183,0.1876031,0.6179706,0.0
2020-06-22 11:59:49,58801,0.7180239,0.26012117,0.20039454,0.6136943,0.0
2020-06-22 11:59:49,58901,0.71506953,0.26984608,0.20772696,0.61049825,0.0
2020-06-22 11:59:49,59001,0.7097794,0.28605738,0.21464118,0.6068885,0.0
2020-06-22 11:59:56,66238,0.7079467,0.2915201,0.21641707,0.6057979,0.0
2020-06-22 11:59:56,66238,0.7079467,0.2915201,0.21641707,0.6057979,0.0
2020-06-22 11:59:56,66238,0.7079467,0.2915201,0.21641707,0.6057979,0.0
2020-06-22 11:59:56,66238,0.7079467,0.2915201,0.21641707,0.6057979,0.0
2020-06-22 11:59:56,66238,0.7079467,0.2915201,0.21641707,0.6057979,0.0
2020-06-22 11:59:56,66238,0.7079467,0.2915201,0.21641707,0.6057979,0.0
2020-06-22 11:59:56,66238,0.7079467,0.2915201,0.21641707,0.6057979,0.0
2020-06-22 11:59:56,66238,0.7079467,0.2915201,0.21641707,0.6057979,0.0
2020-06-22 11:59:56,66238,0.7079467,0.2915201,0.21641707,0.6057979,0.0
2020-06-22 11:59:56,66238,0.7079467,0.2915201,0.21641707,0.6057979,0.0
2020-06-22 11:59:56,66238,0.7079467,0.2915201,0.21641707,0.6057979,0.0
2020-06-22 11:59:56,66238,0.7079467,0.2915201,0.21641707,0.6057979,0.0
2020-06-22 11:59:56,66238,0.7079467,0.2915201,0.21641707,0.6057979,0.0
2020-06-22 11:59:56,66238,0.7079467,0.2915201,0.21641707,0.6057979,0.0
2020-06-22 11:59:56,66238,0.7079467,0.2915201,0.21641707,0.6057979,0.0
2020-06-22 11:59:56,66238,0.7079467,0.2915201,0.21641707,0.6057979,0.0
2020-06-22 11:59:56,66238,0.7079467,0.2915201,0.21641707,0.6057979,0.0
2020-06-22 11:59:56,66238,0.7079467,0.2915201,0.21641707,0.6057979,0.0
2020-06-22 11:59:56,66238,0.7079467,0.2915201,0.21641707,0.6057979,0.0
2020-06-22 11:59:56,66238,0.7079467,0.2915201,0.21641707,0.6057979,0.0
2020-06-22 11:59:56,66238,0.7079467,0.2915201,0.21641707,0.6057979,0.0
2020-06-22 11:59:56,66238,0.7079467,0.2915201,0.21641707,0.6057979,0.0
2020-06-22 11:59:56,66238,0.7079467,0.2915201,0.21641707,0.6057979,0.0
2020-06-22 11:59:56,66238,0.7079467,0.2915201,0.21641707,0.6057979,0.0
2020-06-22 11:59:56,66238,0.7079467,0.2915201,0.21641707,0.6057979,0.0
2020-06-22 11:59:56,66238,0.7079467,0.2915201,0.21641707,0.6057979,0.0
2020-06-22 11:59:56,66238,0.7079467,0.2915201,0.21641707,0.6057979,0.0
2020-06-22 11:59:56,66238,0.7079467,0.2915201,0.21641707,0.6057979,0.0
2020-06-22 11:59:56,66238,0.7079467,0.2915201,0.21641707,0.6057979,0.0
2020-06-22 11:59:56,66238,0.7079467,0.2915201,0.21641707,0.6057979,0.0
2020-06-22 11:59:56,66238,0.7079467,0.2915201,0.21641707,0.6057979,0.0
2020-06-22 11:59:56,66238,0.7079467,0.2915201,0.21641707,0.6057979,0.0
2020-06-22 11:59:56,66238,0.7079467,0.2915201,0.21641707,0.6057979,0.0
2020-06-22 11:59:56,66238,0.7079467,0.2915201,0.21641707,0.6057979,0.0
2020-06-22 11:59:56,66238,0.7079467,0.2915201,0.21641707,0.6057979,0.0
2020-06-22 11:59:56,66238,0.7079467,0.2915201,0.21641707,0.6057979,0.0
2020-06-22 11:59:56,66238,0.7079467,0.2915201,0.21641707,0.6057979,0.0
2020-06-22 11:59:56,66238,0.7079467,0.2915201,0.21641707,0.6057979,0.0
2020-06-22 11:59:56,66238,0.7079467,0.2915201,0.21641707,0.6057979,0.0
2020-06-22 11:59:56,66238,0.7079467,0.2915201,0.21641707,0.6057979,0.0
2020-06-22 11:59:56,66238,0.7079467,0.2915201,0.21641707,0.6057979,0.0
2020-06-22 11:59:56,66238,0.7079467,0.2915201,0.21641707,0.6057979,0.0
2020-06-22 11:59:56,66238,0.7079467,0.2915201,0.21641707,0.6057979,0.0
2020-06-22 11:59:56,66238,0.7079467,0.2915201,0.21641707,0.6057979,0.0
2020-06-22 11:59:56,66238,0.7079467,0.2915201,0.21641707,0.6057979,0.0
2020-06-22 11:59:56,66238,0.7079467,0.2915201,0.21641707,0.6057979,0.0
2020-06-22 11:59:56,66238,0.7079467,0.2915201,0.21641707,0.6057979,0.0
2020-06-22 11:59:56,66238,0.7079467,0.2915201,0.21641707,0.6057979,0.0
2020-06-22 11:59:56,66238,0.7079467,0.2915201,0.21641707,0.6057979,0.0
2020-06-22 11:59:56,66238,0.7079467,0.2915201,0.21641707,0.6057979,0.0
2020-06-22 11:59:56,66238,0.7079467,0.2915201,0.21641707,0.6057979,0.0
2020-06-22 11:59:56,66238,0.7079467,0.2915201,0.21641707,0.6057979,0.0
2020-06-22 11:59:56,66238,0.7079467,0.2915201,0.21641707,0.6057979,0.0
2020-06-22 11:59:56,66238,0.7079467,0.2915201,0.21641707,0.6057979,0.0
2020-06-22 11:59:56,66238,0.7079467,0.2915201,0.21641707,0.6057979,0.0
2020-06-22 11:59:56,66238,0.7079467,0.2915201,0.21641707,0.6057979,0.0
2020-06-22 11:59:56,66238,0.7079467,0.2915201,0.21641707,0.6057979,0.0
2020-06-22 11:59:56,66238,0.7079467,0.2915201,0.21641707,0.6057979,0.0
2020-06-22 11:59:56,66238,0.7079467,0.2915201,0.21641707,0.6057979,0.0
2020-06-22 11:59:56,66238,0.7079467,0.2915201,0.21641707,0.6057979,0.0
2020-06-22 11:59:56,66238,0.7079467,0.2915201,0.21641707,0.6057979,0.0
2020-06-22 11:59:56,66238,0.7079467,0.2915201,0.21641707,0.6057979,0.0
2020-06-22 11:59:56,66238,0.7079467,0.2915201,0.21641707,0.6057979,0.0
2020-06-22 11:59:56,66238,0.7079467,0.2915201,0.21641707,0.6057979,0.0
2020-06-22 11:59:56,66238,0.7079467,0.2915201,0.21641707,0.6057979,0.0
2020-06-22 11:59:56,66238,0.7079467,0.2915201,0.21641707,0.6057979,0.0
2020-06-22 11:59:56,66238,0.7079467,0.2915201,0.21641707,0.6057979,0.0
2020-06-22 11:59:56,66238,0.7079467,0.2915201,0.21641707,0.6057979,0.0
2020-06-22 11:59:56,66238,0.7079467,0.2915201,0.21641707,0.6057979,0.0
2020-06-22 11:59:56,66238,0.7079467,0.2915201,0.21641707,0.6057979,0.0
2020-06-22 11:59:56,66238,0.7079467,0.2915201,0.21641707,0.6057979,0.0
2020-06-22 11:59:56,66238,0.7079467,0.2915201,0.21641707,0.6057979,0.0
2020-06-22 11:59:56,66302,0.7070039,0.29419473,0.21740222,0.60525304,0.0
2020-06-22 11:59:56,66401,0.7070039,0.29419473,0.21740222,0.60525304,0.0
2020-06-22 11:59:56,66502,0.7070039,0.29419473,0.21740222,0.60525304,0.0
2020-06-22 11:59:57,66602,0.7070039,0.29419473,0.21740222,0.60525304,0.0
2020-06-22 11:59:57,66701,0.77600765,0.2653673,0.19094563,0.53938127,0.0
2020-06-22 11:59:57,66802,0.75329185,0.25527266,0.20338051,0.5709847,0.0
2020-06-22 11:59:57,66901,0.769138,0.24445081,0.21929975,0.5482501,0.0
2020-06-22 11:59:57,67002,0.7613377,0.23721787,0.23285927,0.5566589,0.0
2020-06-22 11:59:57,67101,0.76113415,0.23739867,0.23259406,0.556971,0.0
2020-06-22 11:59:57,67201,0.761046,0.23769394,0.23226018,0.5571048,0.0
2020-06-22 11:59:57,67301,0.7609308,0.23785831,0.23216256,0.55723274,0.0
2020-06-22 11:59:57,67401,0.76087433,0.23785171,0.23221648,0.55729014,0.0
2020-06-22 11:59:57,67502,0.7608605,0.23766296,0.2324499,0.5572922,0.0
2020-06-22 11:59:58,67602,0.7608492,0.23744825,0.23291847,0.55720365,0.0
2020-06-22 11:59:58,67701,0.76090103,0.23697306,0.23356576,0.5570641,0.0
2020-06-22 11:59:58,67801,0.76089764,0.2366323,0.2339808,0.55703944,0.0
2020-06-22 11:59:58,67901,0.7608001,0.23665278,0.2339065,0.5571951,0.0
2020-06-22 11:59:58,68002,0.760687,0.23704548,0.23346263,0.55736876,0.0
2020-06-22 11:59:58,68101,0.7604854,0.2378969,0.23253599,0.5576684,0.0
2020-06-22 11:59:58,68201,0.7602238,0.23892584,0.23140796,0.55805427,0.0
2020-06-22 11:59:58,68301,0.75999755,0.23976539,0.23061037,0.5583325,0.0
2020-06-22 11:59:58,68402,0.7599264,0.23973042,0.23086286,0.55834,0.0
2020-06-22 11:59:58,68501,0.76001024,0.23895694,0.2317961,0.5581708,0.0
2020-06-22 11:59:59,68602,0.7600829,0.23808545,0.23293765,0.557969,0.0
2020-06-22 11:59:59,68701,0.7601045,0.23748137,0.23387294,0.5578058,0.0
2020-06-22 11:59:59,68802,0.7599614,0.23767594,0.23416395,0.5577957,0.0
2020-06-22 11:59:59,68901,0.7597114,0.23872285,0.23314276,0.5581169,0.0
2020-06-22 11:59:59,69001,0.7594125,0.2399106,0.23183478,0.558559,0.0
2020-06-22 11:59:59,69102,0.759315,0.240179,0.2316287,0.55866164,0.0
2020-06-22 11:59:59,69201,0.75951904,0.23865695,0.23336805,0.55831265,0.0
2020-06-22 11:59:59,69301,0.7595499,0.23585027,0.23669553,0.5580625,0.0
2020-06-22 11:59:59,69401,0.75957006,0.23559465,0.23702507,0.5580032,0.0
2020-06-22 11:59:59,69502,0.75944525,0.23564087,0.23714417,0.558103,0.0
2020-06-22 12:00:00,69601,0.75943935,0.23522326,0.23777182,0.5580201,0.0
2020-06-22 12:00:00,69701,0.7594518,0.23489195,0.23820156,0.55795944,0.0
2020-06-22 12:00:00,69801,0.7593949,0.23478326,0.23841318,0.5579923,0.0
2020-06-22 12:00:00,69902,0.7592304,0.2351655,0.23806185,0.5582051,0.0
2020-06-22 12:00:00,70001,0.75886166,0.23647767,0.2375021,0.5583906,0.0
2020-06-22 12:00:00,70101,0.7586001,0.23721771,0.237143,0.55858463,0.0
2020-06-22 12:00:00,70202,0.7584203,0.23752491,0.2374393,0.5585725,0.0
2020-06-22 12:00:00,70301,0.7582293,0.23811361,0.23680611,0.5588498,0.0
2020-06-22 12:00:00,70402,0.7579543,0.23932137,0.23561713,0.5592094,0.0
2020-06-22 12:00:00,70501,0.7576982,0.2403872,0.23453069,0.55955595,0.0
2020-06-22 12:00:01,70601,0.7574318,0.24128169,0.23373951,0.5598625,0.0
2020-06-22 12:00:01,70701,0.7572107,0.24196497,0.23303704,0.5601595,0.0
2020-06-22 12:00:01,70802,0.7569699,0.24268052,0.2325494,0.56037796,0.0
2020-06-22 12:00:01,70901,0.7568319,0.24312308,0.23219879,0.56051797,0.0
2020-06-22 12:00:01,71001,0.75649554,0.24409382,0.23205498,0.56060964,0.0
2020-06-22 12:00:01,71101,0.7562778,0.24483088,0.23177865,0.5606963,0.0
2020-06-22 12:00:01,71202,0.75597763,0.24583948,0.2311331,0.5609263,0.0
2020-06-22 12:00:01,71301,0.75571793,0.24659565,0.2305588,0.5611806,0.0
2020-06-22 12:00:01,71402,0.7555117,0.24730474,0.22993101,0.5614038,0.0
2020-06-22 12:00:01,71501,0.7552922,0.24789122,0.22993125,0.56144035,0.0
2020-06-22 12:00:02,71601,0.755149,0.24796201,0.23014356,0.5615147,0.0
2020-06-22 12:00:02,71702,0.7550734,0.24780916,0.2302396,0.56164443,0.0
2020-06-22 12:00:02,71801,0.7549218,0.24811023,0.23037471,0.56166,0.0
2020-06-22 12:00:02,71901,0.754564,0.24917217,0.2305681,0.5615913,0.0
2020-06-22 12:00:02,72002,0.75435746,0.24997061,0.22970995,0.56186545,0.0
2020-06-22 12:00:02,72102,0.754059,0.2511096,0.22909215,0.56201047,0.0
2020-06-22 12:00:02,72201,0.7538179,0.25166914,0.22840938,0.56236136,0.0
2020-06-22 12:00:02,72301,0.75128305,0.25250545,0.2274077,0.56577426,0.0
2020-06-22 12:00:02,72401,0.75105166,0.25342375,0.22636554,0.56608874,0.0
2020-06-22 12:00:02,72501,0.7509743,0.2535797,0.22610034,0.5662275,0.0
2020-06-22 12:00:03,72601,0.7510167,0.25312,0.22664306,0.56615996,0.0
2020-06-22 12:00:03,72701,0.7510554,0.2525195,0.22732559,0.56610316,0.0
2020-06-22 12:00:03,72802,0.75108427,0.25218654,0.22773667,0.5660481,0.0
2020-06-22 12:00:03,72901,0.7511213,0.25197613,0.22779512,0.56606907,0.0
2020-06-22 12:00:03,73001,0.75104845,0.25218487,0.22744241,0.5662146,0.0
2020-06-22 12:00:03,73101,0.7509319,0.25272158,0.2268697,0.5663596,0.0
2020-06-22 12:00:03,73201,0.7508478,0.25307134,0.22651738,0.56645596,0.0
2020-06-22 12:00:03,73301,0.75088876,0.2529045,0.22644334,0.5665058,0.0
2020-06-22 12:00:03,73401,0.7508451,0.2524534,0.22706243,0.5665171,0.0
2020-06-22 12:00:03,73502,0.7508677,0.25204644,0.22761182,0.56644773,0.0
2020-06-22 12:00:04,73601,0.75082326,0.2519693,0.22767094,0.5665173,0.0
2020-06-22 12:00:04,73701,0.7507084,0.25226662,0.22726373,0.5667007,0.0
2020-06-22 12:00:04,73801,0.750596,0.25261757,0.22694533,0.5668208,0.0
2020-06-22 12:00:04,73901,0.75052756,0.25267872,0.22688727,0.5669074,0.0
2020-06-22 12:00:04,74001,0.75048065,0.25257778,0.22703147,0.5669567,0.0
2020-06-22 12:00:04,74101,0.7504563,0.25251237,0.22716458,0.56696486,0.0
2020-06-22 12:00:04,74201,0.75042117,0.2524853,0.22726388,0.5669836,0.0
2020-06-22 12:00:04,74301,0.75035864,0.25271234,0.22713093,0.56701845,0.0
2020-06-22 12:00:04,74402,0.75022304,0.25323862,0.22682983,0.5670836,0.0
2020-06-22 12:00:04,74501,0.7501411,0.25346655,0.22654043,0.5672059,0.0
2020-06-22 12:00:05,74601,0.7500875,0.25345773,0.22657415,0.5672672,0.0
2020-06-22 12:00:05,74701,0.750063,0.25335822,0.22680758,0.5672507,0.0
2020-06-22 12:00:05,74801,0.7500006,0.25338903,0.22700906,0.5672389,0.0
2020-06-22 12:00:05,74901,0.749901,0.25348112,0.22718251,0.56725997,0.0
2020-06-22 12:00:05,75001,0.7498804,0.25330085,0.22715878,0.56737727,0.0
2020-06-22 12:00:05,75101,0.74986666,0.25299302,0.22768281,0.56732273,0.0
2020-06-22 12:00:05,75202,0.7499152,0.2525104,0.22820647,0.5672632,0.0
2020-06-22 12:00:05,75301,0.7499894,0.25202706,0.2288472,0.5671219,0.0
2020-06-22 12:00:05,75401,0.7500392,0.25154334,0.22952135,0.56699824,0.0
2020-06-22 12:00:05,75501,0.7500532,0.2513211,0.22986224,0.5669402,0.0
2020-06-22 12:00:06,75601,0.74994683,0.25143394,0.22977471,0.56706643,0.0
2020-06-22 12:00:06,75702,0.7498543,0.25167266,0.22954643,0.56717527,0.0
2020-06-22 12:00:06,75801,0.74973685,0.25192684,0.22921062,0.5673535,0.0
2020-06-22 12:00:06,75901,0.74961054,0.25228432,0.22881751,0.5675202,0.0
2020-06-22 12:00:06,76001,0.7495126,0.2525924,0.22846681,0.5676538,0.0
2020-06-22 12:00:06,76101,0.7493982,0.25293848,0.22814174,0.56778145,0.0
2020-06-22 12:00:06,76201,0.7492813,0.25317636,0.2279806,0.5678945,0.0
2020-06-22 12:00:06,76301,0.7491801,0.25340465,0.22785915,0.56797487,0.0
2020-06-22 12:00:06,76402,0.7490744,0.2537339,0.22776185,0.56800634,0.0
2020-06-22 12:00:06,76501,0.7489296,0.25394195,0.22769034,0.56813294,0.0
2020-06-22 12:00:07,76601,0.74881464,0.25410482,0.22759873,0.56824833,0.0
2020-06-22 12:00:07,76701,0.74874145,0.25419307,0.22743434,0.5683711,0.0
2020-06-22 12:00:07,76803,0.74863386,0.25436905,0.22732252,0.5684788,0.0
2020-06-22 12:00:07,76901,0.7485074,0.25474566,0.22720864,0.56852233,0.0
2020-06-22 12:00:07,77002,0.7483975,0.2550717,0.22693986,0.5686281,0.0
2020-06-22 12:00:07,77101,0.7482858,0.25547588,0.22654583,0.56875086,0.0
2020-06-22 12:00:07,77201,0.74783444,0.25675827,0.22643866,0.56880957,0.0
2020-06-22 12:00:07,77302,0.7474525,0.25797004,0.22624218,0.5688415,0.0
2020-06-22 12:00:07,77401,0.74739575,0.25807706,0.22618851,0.5688889,0.0
2020-06-22 12:00:07,77501,0.74739575,0.25807706,0.22618851,0.5688889,0.0
2020-06-22 12:00:08,77601,0.74739575,0.25807706,0.22618851,0.5688889,0.0
2020-06-22 12:00:08,77701,0.74739575,0.25807706,0.22618851,0.5688889,0.0
2020-06-22 12:00:08,77802,0.74739575,0.25807706,0.22618851,0.5688889,0.0
2020-06-22 12:00:08,77901,0.74739575,0.25807706,0.22618851,0.5688889,0.0
2020-06-22 12:00:08,78001,0.74739575,0.25807706,0.22618851,0.5688889,0.0
2020-06-22 12:00:08,78101,0.74739575,0.25807706,0.22618851,0.5688889,0.0
2020-06-22 12:00:08,78201,0.74739575,0.25807706,0.22618851,0.5688889,0.0
2020-06-22 12:00:08,78302,0.74739575,0.25807706,0.22618851,0.5688889,0.0
2020-06-22 12:00:08,78401,0.74739575,0.25807706,0.22618851,0.5688889,0.0
2020-06-22 12:00:08,78501,0.74739575,0.25807706,0.22618851,0.5688889,0.0
2020-06-22 12:00:09,78601,0.74739575,0.25807706,0.22618851,0.5688889,0.0
2020-06-22 12:00:09,78701,0.74739575,0.25807706,0.22618851,0.5688889,0.0
2020-06-22 12:00:09,78801,0.74739575,0.25807706,0.22618851,0.5688889,0.0
2020-06-22 12:00:09,78902,0.74739575,0.25807706,0.22618851,0.5688889,0.0
2020-06-22 12:00:09,79001,0.74739575,0.25807706,0.22618851,0.5688889,0.0
2020-06-22 12:00:09,79101,0.74739575,0.25807706,0.22618851,0.5688889,0.0
2020-06-22 12:00:09,79202,0.74739575,0.25807706,0.22618851,0.5688889,0.0
2020-06-22 12:00:09,79301,0.74739575,0.25807706,0.22618851,0.5688889,0.0
2020-06-22 12:00:09,79401,0.74739575,0.25807706,0.22618851,0.5688889,0.0
2020-06-22 12:00:09,79502,0.74739575,0.25807706,0.22618851,0.5688889,0.0
2020-06-22 12:00:10,79601,0.74739575,0.25807706,0.22618851,0.5688889,0.0
2020-06-22 12:00:10,79702,0.74739575,0.25807706,0.22618851,0.5688889,0.0
2020-06-22 12:00:10,79804,0.74739575,0.25807706,0.22618851,0.5688889,0.0
